antecedents,consequents,antecedent support,consequent support,support,confidence,lift,leverage,antecedents_str,consequents_str,n_antecedentes,estrato
"frozenset({'ctx_tipo_pista_Dupla', 'ctx_tipo_acidente_Atropelamento_de_Pedestre', 'ctx_causa_acidente_Pedestre_andava_na_pista'})",frozenset({'desfecho_AltaGravidade'}),0.007378057111627271,0.3235414674135811,0.00614838092635606,0.8333333333333334,2.5756615990990994,0.0037612735017989647,"ctx_causa_acidente_Pedestre_andava_na_pista, ctx_tipo_acidente_Atropelamento_de_Pedestre, ctx_tipo_pista_Dupla",desfecho_AltaGravidade,3,urbano
"frozenset({'ctx_causa_acidente_Pedestre_andava_na_pista', 'ctx_tipo_acidente_Atropelamento_de_Pedestre', 'ctx_fase_dia_Plena_Noite'})",frozenset({'desfecho_AltaGravidade'}),0.007924579860636698,0.3235414674135811,0.00655827298811313,0.8275862068965517,2.5578984156570366,0.003994342791366621,"ctx_causa_acidente_Pedestre_andava_na_pista, ctx_fase_dia_Plena_Noite, ctx_tipo_acidente_Atropelamento_de_Pedestre",desfecho_AltaGravidade,3,urbano
"frozenset({'ctx_tipo_pista_Dupla', 'ctx_tipo_acidente_Atropelamento_de_Pedestre', 'ctx_fase_dia_Plena_Noite'})",frozenset({'desfecho_AltaGravidade'}),0.018581773466320537,0.3235414674135811,0.015166006285011614,0.8161764705882353,2.5226332720588234,0.009154032030571522,"ctx_fase_dia_Plena_Noite, ctx_tipo_acidente_Atropelamento_de_Pedestre, ctx_tipo_pista_Dupla",desfecho_AltaGravidade,3,urbano
"frozenset({'ctx_causa_acidente_Pedestre_andava_na_pista', 'ctx_fase_dia_Plena_Noite'})",frozenset({'desfecho_AltaGravidade'}),0.008061210547889056,0.3235414674135811,0.00655827298811313,0.8135593220338982,2.514544205222171,0.003950137098319267,"ctx_causa_acidente_Pedestre_andava_na_pista, ctx_fase_dia_Plena_Noite",desfecho_AltaGravidade,2,urbano
"frozenset({'ctx_causa_acidente_Entrada_inopinada_do_pedestre', 'ctx_fase_dia_Plena_Noite'})",frozenset({'desfecho_AltaGravidade'}),0.008880994671403197,0.3235414674135811,0.007104795737122558,0.8,2.4726351351351354,0.004231425689044574,"ctx_causa_acidente_Entrada_inopinada_do_pedestre, ctx_fase_dia_Plena_Noite",desfecho_AltaGravidade,2,urbano
"frozenset({'ctx_tracado_via_Reta', 'ctx_tipo_acidente_Atropelamento_de_Pedestre', 'ctx_causa_acidente_Pedestre_andava_na_pista'})",frozenset({'desfecho_AltaGravidade'}),0.008061210547889056,0.3235414674135811,0.006421642300860773,0.7966101694915253,2.4621578676133757,0.0038135064110669096,"ctx_causa_acidente_Pedestre_andava_na_pista, ctx_tipo_acidente_Atropelamento_de_Pedestre, ctx_tracado_via_Reta",desfecho_AltaGravidade,3,urbano
"frozenset({'ctx_fim_de_semana_Sim', 'ctx_tipo_acidente_Atropelamento_de_Pedestre', 'ctx_fase_dia_Plena_Noite'})",frozenset({'desfecho_AltaGravidade'}),0.01311654597622626,0.3235414674135811,0.010247301543926767,0.7812500000000001,2.4146827491554057,0.006003555011380821,"ctx_fase_dia_Plena_Noite, ctx_fim_de_semana_Sim, ctx_tipo_acidente_Atropelamento_de_Pedestre",desfecho_AltaGravidade,3,urbano
"frozenset({'ctx_condicao_metereologica_Céu_Claro', 'ctx_tipo_acidente_Atropelamento_de_Pedestre', 'ctx_fase_dia_Plena_Noite'})",frozenset({'desfecho_AltaGravidade'}),0.02937559775925673,0.3235414674135811,0.0228173247711436,0.7767441860465116,2.400756206788184,0.013313100765962574,"ctx_condicao_metereologica_Céu_Claro, ctx_fase_dia_Plena_Noite, ctx_tipo_acidente_Atropelamento_de_Pedestre",desfecho_AltaGravidade,3,urbano
"frozenset({'ctx_tipo_pista_Dupla', 'ctx_causa_acidente_Pedestre_andava_na_pista'})",frozenset({'desfecho_AltaGravidade'}),0.007924579860636698,0.3235414674135811,0.00614838092635606,0.7758620689655173,2.398029764678472,0.0035844507296095506,"ctx_causa_acidente_Pedestre_andava_na_pista, ctx_tipo_pista_Dupla",desfecho_AltaGravidade,2,urbano
"frozenset({'ctx_tipo_pista_Dupla', 'ctx_tracado_via_Reta', 'ctx_tipo_acidente_Atropelamento_de_Pedestre'})",frozenset({'desfecho_AltaGravidade'}),0.022544063396638885,0.3235414674135811,0.017352097281049323,0.7696969696969697,2.3789747133497134,0.010058157928235978,"ctx_tipo_acidente_Atropelamento_de_Pedestre, ctx_tipo_pista_Dupla, ctx_tracado_via_Reta",desfecho_AltaGravidade,3,urbano
"frozenset({'ctx_condicao_metereologica_Céu_Claro', 'ctx_tipo_acidente_Atropelamento_de_Pedestre', 'ctx_causa_acidente_Pedestre_andava_na_pista'})",frozenset({'desfecho_AltaGravidade'}),0.009427517420412625,0.3235414674135811,0.007241426424374915,0.7681159420289856,2.3740880826478654,0.004191233604107516,"ctx_causa_acidente_Pedestre_andava_na_pista, ctx_condicao_metereologica_Céu_Claro, ctx_tipo_acidente_Atropelamento_de_Pedestre",desfecho_AltaGravidade,3,urbano
"frozenset({'ctx_tracado_via_Reta', 'ctx_tipo_acidente_Atropelamento_de_Pedestre', 'ctx_fase_dia_Plena_Noite'})",frozenset({'desfecho_AltaGravidade'}),0.02322721683290067,0.3235414674135811,0.017761989342806393,0.7647058823529411,2.3635482909379966,0.010247021524756279,"ctx_fase_dia_Plena_Noite, ctx_tipo_acidente_Atropelamento_de_Pedestre, ctx_tracado_via_Reta",desfecho_AltaGravidade,3,urbano
"frozenset({'ctx_tipo_acidente_Atropelamento_de_Pedestre', 'ctx_causa_acidente_Pedestre_cruzava_a_pista_fora_da_faixa', 'ctx_fase_dia_Plena_Noite'})",frozenset({'desfecho_AltaGravidade'}),0.007514687798879628,0.3235414674135811,0.005738488864598989,0.7636363636363637,2.360242628992629,0.00330717574699454,"ctx_causa_acidente_Pedestre_cruzava_a_pista_fora_da_faixa, ctx_fase_dia_Plena_Noite, ctx_tipo_acidente_Atropelamento_de_Pedestre",desfecho_AltaGravidade,3,urbano
"frozenset({'ctx_tipo_acidente_Atropelamento_de_Pedestre', 'ctx_fase_dia_Plena_Noite'})",frozenset({'desfecho_AltaGravidade'}),0.040442683426697636,0.3235414674135811,0.03060527394452794,0.7567567567567568,2.3389791818845875,0.01752038880251127,"ctx_fase_dia_Plena_Noite, ctx_tipo_acidente_Atropelamento_de_Pedestre",desfecho_AltaGravidade,2,urbano
"frozenset({'ctx_causa_acidente_Pedestre_cruzava_a_pista_fora_da_faixa', 'ctx_fase_dia_Plena_Noite'})",frozenset({'desfecho_AltaGravidade'}),0.007787949173384342,0.3235414674135811,0.005875119551851346,0.7543859649122807,2.3316515528686583,0.00335539504815219,"ctx_causa_acidente_Pedestre_cruzava_a_pista_fora_da_faixa, ctx_fase_dia_Plena_Noite",desfecho_AltaGravidade,2,urbano
"frozenset({'ctx_tipo_pista_Dupla', 'ctx_tipo_acidente_Atropelamento_de_Pedestre', 'ctx_causa_acidente_Entrada_inopinada_do_pedestre'})",frozenset({'desfecho_AltaGravidade'}),0.008197841235141412,0.3235414674135811,0.00614838092635606,0.75,2.318095439189189,0.003496039343514843,"ctx_causa_acidente_Entrada_inopinada_do_pedestre, ctx_tipo_acidente_Atropelamento_de_Pedestre, ctx_tipo_pista_Dupla",desfecho_AltaGravidade,3,urbano
"frozenset({'ctx_tracado_via_Reta', 'ctx_causa_acidente_Pedestre_andava_na_pista'})",frozenset({'desfecho_AltaGravidade'}),0.008607733296898483,0.3235414674135811,0.006421642300860773,0.746031746031746,2.305830383955384,0.0036366836388774955,"ctx_causa_acidente_Pedestre_andava_na_pista, ctx_tracado_via_Reta",desfecho_AltaGravidade,2,urbano
"frozenset({'ctx_tipo_acidente_Atropelamento_de_Pedestre', 'ctx_causa_acidente_Pedestre_andava_na_pista'})",frozenset({'desfecho_AltaGravidade'}),0.013799699412488044,0.3235414674135811,0.010247301543926767,0.7425742574257427,2.2951439991972173,0.005782526546144052,"ctx_causa_acidente_Pedestre_andava_na_pista, ctx_tipo_acidente_Atropelamento_de_Pedestre",desfecho_AltaGravidade,2,urbano
"frozenset({'ctx_tipo_pista_Dupla', 'ctx_causa_acidente_Entrada_inopinada_do_pedestre'})",frozenset({'desfecho_AltaGravidade'}),0.008471102609646126,0.3235414674135811,0.006285011613608417,0.7419354838709677,2.293169681778553,0.0035442586446724927,"ctx_causa_acidente_Entrada_inopinada_do_pedestre, ctx_tipo_pista_Dupla",desfecho_AltaGravidade,2,urbano
"frozenset({'ctx_condicao_metereologica_Céu_Claro', 'ctx_tipo_acidente_Atropelamento_de_Pedestre', 'ctx_causa_acidente_Pedestre_cruzava_a_pista_fora_da_faixa'})",frozenset({'desfecho_AltaGravidade'}),0.011476977729197977,0.3235414674135811,0.008471102609646126,0.7380952380952381,2.2813002734877736,0.004757824393668423,"ctx_causa_acidente_Pedestre_cruzava_a_pista_fora_da_faixa, ctx_condicao_metereologica_Céu_Claro, ctx_tipo_acidente_Atropelamento_de_Pedestre",desfecho_AltaGravidade,3,urbano
"frozenset({'ctx_tipo_pista_Dupla', 'ctx_condicao_metereologica_Céu_Claro', 'ctx_tipo_acidente_Atropelamento_de_Pedestre'})",frozenset({'desfecho_AltaGravidade'}),0.026916245388714306,0.3235414674135811,0.019811449651591748,0.7360406091370558,2.274949838798189,0.011102928121263086,"ctx_condicao_metereologica_Céu_Claro, ctx_tipo_acidente_Atropelamento_de_Pedestre, ctx_tipo_pista_Dupla",desfecho_AltaGravidade,3,urbano
"frozenset({'ctx_condicao_metereologica_Céu_Claro', 'ctx_tipo_acidente_Atropelamento_de_Pedestre', 'ctx_fim_de_semana_Sim'})",frozenset({'desfecho_AltaGravidade'}),0.015439267659516327,0.3235414674135811,0.011340347041945621,0.7345132743362832,2.2702291616838077,0.006345103727594664,"ctx_condicao_metereologica_Céu_Claro, ctx_fim_de_semana_Sim, ctx_tipo_acidente_Atropelamento_de_Pedestre",desfecho_AltaGravidade,3,urbano
"frozenset({'ctx_tracado_via_Reta', 'ctx_tipo_acidente_Atropelamento_de_Pedestre', 'ctx_fim_de_semana_Sim'})",frozenset({'desfecho_AltaGravidade'}),0.013799699412488044,0.3235414674135811,0.010110670856674409,0.7326732673267327,2.2645420792079207,0.0056458958588916945,"ctx_fim_de_semana_Sim, ctx_tipo_acidente_Atropelamento_de_Pedestre, ctx_tracado_via_Reta",desfecho_AltaGravidade,3,urbano
"frozenset({'ctx_tipo_pista_Dupla', 'ctx_tipo_acidente_Atropelamento_de_Pedestre', 'ctx_fim_de_semana_Sim'})",frozenset({'desfecho_AltaGravidade'}),0.009700778794917339,0.3235414674135811,0.007104795737122558,0.7323943661971831,2.2636800532927293,0.003966191530760452,"ctx_fim_de_semana_Sim, ctx_tipo_acidente_Atropelamento_de_Pedestre, ctx_tipo_pista_Dupla",desfecho_AltaGravidade,3,urbano
"frozenset({'ctx_tipo_pista_Dupla', 'ctx_tipo_acidente_Atropelamento_de_Pedestre'})",frozenset({'desfecho_AltaGravidade'}),0.036753654870884,0.3235414674135811,0.026779614701461948,0.7286245353159851,2.25202828292977,0.014888283271723826,"ctx_tipo_acidente_Atropelamento_de_Pedestre, ctx_tipo_pista_Dupla",desfecho_AltaGravidade,2,urbano
"frozenset({'ctx_fim_de_semana_Não', 'ctx_condicao_metereologica_Céu_Claro', 'ctx_causa_acidente_Pedestre_cruzava_a_pista_fora_da_faixa'})",frozenset({'desfecho_AltaGravidade'}),0.009017625358655555,0.3235414674135811,0.00655827298811313,0.7272727272727272,2.2478501228501226,0.0036406972469877914,"ctx_causa_acidente_Pedestre_cruzava_a_pista_fora_da_faixa, ctx_condicao_metereologica_Céu_Claro, ctx_fim_de_semana_Não",desfecho_AltaGravidade,3,urbano
"frozenset({'ctx_condicao_metereologica_Céu_Claro', 'ctx_causa_acidente_Pedestre_andava_na_pista'})",frozenset({'desfecho_AltaGravidade'}),0.009974040169422053,0.3235414674135811,0.007241426424374915,0.726027397260274,2.2440010644205852,0.004014410831918102,"ctx_causa_acidente_Pedestre_andava_na_pista, ctx_condicao_metereologica_Céu_Claro",desfecho_AltaGravidade,2,urbano
"frozenset({'ctx_tipo_pista_Dupla', 'ctx_condicao_metereologica_Céu_Claro', 'ctx_causa_acidente_Pedestre_cruzava_a_pista_fora_da_faixa'})",frozenset({'desfecho_AltaGravidade'}),0.006968165049870201,0.3235414674135811,0.0050553354283372045,0.7254901960784313,2.2423406862745097,0.00280084508292217,"ctx_causa_acidente_Pedestre_cruzava_a_pista_fora_da_faixa, ctx_condicao_metereologica_Céu_Claro, ctx_tipo_pista_Dupla",desfecho_AltaGravidade,3,urbano
"frozenset({'ctx_condicao_metereologica_Céu_Claro', 'ctx_tracado_via_Reta', 'ctx_tipo_acidente_Atropelamento_de_Pedestre'})",frozenset({'desfecho_AltaGravidade'}),0.034704194562098646,0.3235414674135811,0.025140046454433667,0.7244094488188977,2.2390003192168546,0.01391180042040585,"ctx_condicao_metereologica_Céu_Claro, ctx_tipo_acidente_Atropelamento_de_Pedestre, ctx_tracado_via_Reta",desfecho_AltaGravidade,3,urbano
"frozenset({'ctx_condicao_metereologica_Céu_Claro', 'ctx_causa_acidente_Pedestre_cruzava_a_pista_fora_da_faixa'})",frozenset({'desfecho_AltaGravidade'}),0.01229676185271212,0.3235414674135811,0.008880994671403197,0.7222222222222222,2.2322400525525525,0.004902482297141371,"ctx_causa_acidente_Pedestre_cruzava_a_pista_fora_da_faixa, ctx_condicao_metereologica_Céu_Claro",desfecho_AltaGravidade,2,urbano
"frozenset({'ctx_tipo_pista_Simples', 'ctx_tipo_acidente_Atropelamento_de_Pedestre', 'ctx_fim_de_semana_Sim'})",frozenset({'desfecho_AltaGravidade'}),0.010110670856674409,0.3235414674135811,0.007241426424374915,0.7162162162162162,2.2136767257121988,0.0039702051388707475,"ctx_fim_de_semana_Sim, ctx_tipo_acidente_Atropelamento_de_Pedestre, ctx_tipo_pista_Simples",desfecho_AltaGravidade,3,urbano
"frozenset({'ctx_condicao_metereologica_Céu_Claro', 'ctx_tipo_acidente_Atropelamento_de_Pedestre'})",frozenset({'desfecho_AltaGravidade'}),0.05642847383522339,0.3235414674135811,0.04016942205219292,0.711864406779661,2.2002261795694,0.021912470823635878,"ctx_condicao_metereologica_Céu_Claro, ctx_tipo_acidente_Atropelamento_de_Pedestre",desfecho_AltaGravidade,2,urbano
"frozenset({'ctx_fim_de_semana_Não', 'ctx_tipo_acidente_Atropelamento_de_Pedestre', 'ctx_causa_acidente_Entrada_inopinada_do_pedestre'})",frozenset({'desfecho_AltaGravidade'}),0.011340347041945621,0.3235414674135811,0.008061210547889056,0.710843373493976,2.1970703760989907,0.004392138024958706,"ctx_causa_acidente_Entrada_inopinada_do_pedestre, ctx_fim_de_semana_Não, ctx_tipo_acidente_Atropelamento_de_Pedestre",desfecho_AltaGravidade,3,urbano
"frozenset({'ctx_tracado_via_Reta', 'ctx_tipo_acidente_Atropelamento_de_Pedestre'})",frozenset({'desfecho_AltaGravidade'}),0.04768410985107255,0.3235414674135811,0.033884410438584506,0.7106017191977078,2.1963234724696044,0.018456623565058096,"ctx_tipo_acidente_Atropelamento_de_Pedestre, ctx_tracado_via_Reta",desfecho_AltaGravidade,2,urbano
"frozenset({'ctx_tipo_acidente_Atropelamento_de_Pedestre', 'ctx_causa_acidente_Entrada_inopinada_do_pedestre'})",frozenset({'desfecho_AltaGravidade'}),0.016395682470282825,0.3235414674135811,0.011613608416450335,0.7083333333333334,2.1893123592342345,0.006308925250767902,"ctx_causa_acidente_Entrada_inopinada_do_pedestre, ctx_tipo_acidente_Atropelamento_de_Pedestre",desfecho_AltaGravidade,2,urbano
frozenset({'ctx_causa_acidente_Pedestre_andava_na_pista'}),frozenset({'desfecho_AltaGravidade'}),0.01448285284874983,0.3235414674135811,0.010247301543926767,0.7075471698113208,2.186882489801122,0.005561498080907283,ctx_causa_acidente_Pedestre_andava_na_pista,desfecho_AltaGravidade,1,urbano
"frozenset({'ctx_tipo_acidente_Atropelamento_de_Pedestre', 'ctx_fim_de_semana_Sim'})",frozenset({'desfecho_AltaGravidade'}),0.02145101789862003,0.3235414674135811,0.015166006285011614,0.7070063694267517,2.1852109872611467,0.008225712476577097,"ctx_fim_de_semana_Sim, ctx_tipo_acidente_Atropelamento_de_Pedestre",desfecho_AltaGravidade,2,urbano
"frozenset({'ctx_fim_de_semana_Não', 'ctx_causa_acidente_Entrada_inopinada_do_pedestre'})",frozenset({'desfecho_AltaGravidade'}),0.011613608416450335,0.3235414674135811,0.008197841235141412,0.7058823529411764,2.181736883942766,0.004440357326116355,"ctx_causa_acidente_Entrada_inopinada_do_pedestre, ctx_fim_de_semana_Não",desfecho_AltaGravidade,2,urbano
frozenset({'ctx_causa_acidente_Entrada_inopinada_do_pedestre'}),frozenset({'desfecho_AltaGravidade'}),0.01666894384478754,0.3235414674135811,0.011750239103702691,0.7049180327868851,2.1787563690739917,0.006357144551925551,ctx_causa_acidente_Entrada_inopinada_do_pedestre,desfecho_AltaGravidade,1,urbano
"frozenset({'ctx_causa_acidente_Acessar_a_via_sem_observar_a_presença_dos_outros_veículos', 'ctx_tipo_acidente_Atropelamento_de_Pedestre'})",frozenset({'desfecho_AltaGravidade'}),0.007924579860636698,0.3235414674135811,0.0054652274900942755,0.6896551724137931,2.1315820130475305,0.0029012972933477664,"ctx_causa_acidente_Acessar_a_via_sem_observar_a_presença_dos_outros_veículos, ctx_tipo_acidente_Atropelamento_de_Pedestre",desfecho_AltaGravidade,2,urbano
frozenset({'ctx_tipo_acidente_Atropelamento_de_Pedestre'}),frozenset({'desfecho_AltaGravidade'}),0.07938242929361934,0.3235414674135811,0.054379013526438036,0.685025817555938,2.117273631204354,0.028695505865925588,ctx_tipo_acidente_Atropelamento_de_Pedestre,desfecho_AltaGravidade,1,urbano
"frozenset({'ctx_tracado_via_Reta', 'ctx_causa_acidente_Pedestre_cruzava_a_pista_fora_da_faixa'})",frozenset({'desfecho_AltaGravidade'}),0.00956414810766498,0.3235414674135811,0.006421642300860773,0.6714285714285715,2.0752473455598457,0.0033272437875460203,"ctx_causa_acidente_Pedestre_cruzava_a_pista_fora_da_faixa, ctx_tracado_via_Reta",desfecho_AltaGravidade,2,urbano
"frozenset({'ctx_tipo_pista_Dupla', 'ctx_causa_acidente_Pedestre_cruzava_a_pista_fora_da_faixa'})",frozenset({'desfecho_AltaGravidade'}),0.008197841235141412,0.3235414674135811,0.0054652274900942755,0.6666666666666667,2.0605292792792795,0.002812885907253059,"ctx_causa_acidente_Pedestre_cruzava_a_pista_fora_da_faixa, ctx_tipo_pista_Dupla",desfecho_AltaGravidade,2,urbano
"frozenset({'ctx_fim_de_semana_Não', 'ctx_causa_acidente_Pedestre_cruzava_a_pista_fora_da_faixa'})",frozenset({'desfecho_AltaGravidade'}),0.01270665391446919,0.3235414674135811,0.00833447192239377,0.6559139784946237,2.027294936065098,0.004223342468989885,"ctx_causa_acidente_Pedestre_cruzava_a_pista_fora_da_faixa, ctx_fim_de_semana_Não",desfecho_AltaGravidade,2,urbano
frozenset({'ctx_causa_acidente_Pedestre_cruzava_a_pista_fora_da_faixa'}),frozenset({'desfecho_AltaGravidade'}),0.016532313157535183,0.3235414674135811,0.010793824292936193,0.652892561983471,2.0179563602859054,0.005444935434206406,ctx_causa_acidente_Pedestre_cruzava_a_pista_fora_da_faixa,desfecho_AltaGravidade,1,urbano
"frozenset({'ctx_tipo_pista_Simples', 'ctx_causa_acidente_Transitar_na_contramão', 'ctx_tipo_acidente_Colisão_frontal'})",frozenset({'desfecho_AltaGravidade'}),0.013253176663478618,0.3235414674135811,0.008607733296898483,0.6494845360824741,2.0074228545555863,0.004319781071305182,"ctx_causa_acidente_Transitar_na_contramão, ctx_tipo_acidente_Colisão_frontal, ctx_tipo_pista_Simples",desfecho_AltaGravidade,3,urbano
"frozenset({'ctx_causa_acidente_Transitar_na_contramão', 'ctx_condicao_metereologica_Céu_Claro', 'ctx_tipo_acidente_Colisão_frontal'})",frozenset({'desfecho_AltaGravidade'}),0.009290886733160269,0.3235414674135811,0.006011750239103703,0.6470588235294117,1.9999254769475356,0.0030057631118836567,"ctx_causa_acidente_Transitar_na_contramão, ctx_condicao_metereologica_Céu_Claro, ctx_tipo_acidente_Colisão_frontal",desfecho_AltaGravidade,3,urbano
"frozenset({'ctx_causa_acidente_Transitar_na_contramão', 'ctx_tipo_acidente_Colisão_frontal'})",frozenset({'desfecho_AltaGravidade'}),0.015575898346768684,0.3235414674135811,0.009974040169422053,0.6403508771929824,1.9791925972024655,0.004934591162023741,"ctx_causa_acidente_Transitar_na_contramão, ctx_tipo_acidente_Colisão_frontal",desfecho_AltaGravidade,2,urbano
"frozenset({'ctx_condicao_metereologica_Céu_Claro', 'ctx_tipo_acidente_Colisão_frontal', 'ctx_fase_dia_Plena_Noite'})",frozenset({'desfecho_AltaGravidade'}),0.010930454980188551,0.3235414674135811,0.006968165049870201,0.6375,1.9703811233108106,0.003431709606081912,"ctx_condicao_metereologica_Céu_Claro, ctx_fase_dia_Plena_Noite, ctx_tipo_acidente_Colisão_frontal",desfecho_AltaGravidade,3,urbano
"frozenset({'ctx_fim_de_semana_Não', 'ctx_tipo_acidente_Colisão_frontal', 'ctx_fase_dia_Plena_Noite'})",frozenset({'desfecho_AltaGravidade'}),0.008607733296898483,0.3235414674135811,0.0054652274900942755,0.634920634920635,1.9624088374088378,0.002680268828110998,"ctx_fase_dia_Plena_Noite, ctx_fim_de_semana_Não, ctx_tipo_acidente_Colisão_frontal",desfecho_AltaGravidade,3,urbano
"frozenset({'ctx_tipo_pista_Simples', 'ctx_condicao_metereologica_Nublado', 'ctx_tipo_acidente_Colisão_frontal'})",frozenset({'desfecho_AltaGravidade'}),0.008471102609646126,0.3235414674135811,0.0053285968028419185,0.6290322580645161,1.9442090780296426,0.0025878438339059944,"ctx_condicao_metereologica_Nublado, ctx_tipo_acidente_Colisão_frontal, ctx_tipo_pista_Simples",desfecho_AltaGravidade,3,urbano
"frozenset({'ctx_condicao_metereologica_Nublado', 'ctx_tipo_acidente_Colisão_frontal'})",frozenset({'desfecho_AltaGravidade'}),0.00915425604590791,0.3235414674135811,0.005601858177346632,0.6119402985074627,1.8913813533682937,0.00264007674317394,"ctx_condicao_metereologica_Nublado, ctx_tipo_acidente_Colisão_frontal",desfecho_AltaGravidade,2,urbano
"frozenset({'ctx_causa_acidente_Transitar_na_contramão', 'ctx_fase_dia_Plena_Noite'})",frozenset({'desfecho_AltaGravidade'}),0.00874436398415084,0.3235414674135811,0.0053285968028419185,0.609375,1.8834525443412162,0.0024994324478112874,"ctx_causa_acidente_Transitar_na_contramão, ctx_fase_dia_Plena_Noite",desfecho_AltaGravidade,2,urbano
"frozenset({'ctx_tipo_pista_Simples', 'ctx_tipo_acidente_Colisão_frontal', 'ctx_fase_dia_Plena_Noite'})",frozenset({'desfecho_AltaGravidade'}),0.015575898346768684,0.3235414674135811,0.009427517420412625,0.6052631578947368,1.870743687766714,0.004388068413014313,"ctx_fase_dia_Plena_Noite, ctx_tipo_acidente_Colisão_frontal, ctx_tipo_pista_Simples",desfecho_AltaGravidade,3,urbano
"frozenset({'ctx_tracado_via_Curva', 'ctx_tipo_acidente_Colisão_frontal'})",frozenset({'desfecho_AltaGravidade'}),0.008880994671403197,0.3235414674135811,0.0053285968028419185,0.6000000000000001,1.8544763513513516,0.002455226754763934,"ctx_tipo_acidente_Colisão_frontal, ctx_tracado_via_Curva",desfecho_AltaGravidade,2,urbano
"frozenset({'ctx_tipo_acidente_Colisão_frontal', 'ctx_fase_dia_Plena_Noite'})",frozenset({'desfecho_AltaGravidade'}),0.018171881404563463,0.3235414674135811,0.010793824292936193,0.5939849624060151,1.835885109733794,0.004914467117638164,"ctx_fase_dia_Plena_Noite, ctx_tipo_acidente_Colisão_frontal",desfecho_AltaGravidade,2,urbano
"frozenset({'ctx_tipo_pista_Simples', 'ctx_tipo_acidente_Colisão_frontal', 'ctx_fim_de_semana_Sim'})",frozenset({'desfecho_AltaGravidade'}),0.01530263697226397,0.3235414674135811,0.00874436398415084,0.5714285714285714,1.7661679536679535,0.0037933263628472363,"ctx_fim_de_semana_Sim, ctx_tipo_acidente_Colisão_frontal, ctx_tipo_pista_Simples",desfecho_AltaGravidade,3,urbano
"frozenset({'ctx_tipo_acidente_Colisão_frontal', 'ctx_fim_de_semana_Sim'})",frozenset({'desfecho_AltaGravidade'}),0.016395682470282825,0.3235414674135811,0.009290886733160269,0.5666666666666668,1.7514498873873876,0.003986203567477835,"ctx_fim_de_semana_Sim, ctx_tipo_acidente_Colisão_frontal",desfecho_AltaGravidade,2,urbano
"frozenset({'ctx_tipo_pista_Simples', 'ctx_tipo_acidente_Colisão_frontal'})",frozenset({'desfecho_AltaGravidade'}),0.03757343899439814,0.3235414674135811,0.020631233775105888,0.5490909090909091,1.6971268427518427,0.008474668187083645,"ctx_tipo_acidente_Colisão_frontal, ctx_tipo_pista_Simples",desfecho_AltaGravidade,2,urbano
frozenset({'ctx_tipo_acidente_Colisão_frontal'}),frozenset({'desfecho_AltaGravidade'}),0.04262877442273535,0.3235414674135811,0.02322721683290067,0.5448717948717948,1.6840864301801801,0.009435040602126342,ctx_tipo_acidente_Colisão_frontal,desfecho_AltaGravidade,1,urbano
"frozenset({'ctx_causa_acidente_Transitar_na_contramão', 'ctx_condicao_metereologica_Céu_Claro'})",frozenset({'desfecho_AltaGravidade'}),0.013389807350730974,0.3235414674135811,0.007241426424374915,0.5408163265306123,1.6715518132928848,0.0029092685057342613,"ctx_causa_acidente_Transitar_na_contramão, ctx_condicao_metereologica_Céu_Claro",desfecho_AltaGravidade,2,urbano
"frozenset({'ctx_tipo_pista_Simples', 'ctx_causa_acidente_Transitar_na_contramão'})",frozenset({'desfecho_AltaGravidade'}),0.01912829621532996,0.3235414674135811,0.010247301543926767,0.5357142857142858,1.655782456563707,0.0040585045172972616,"ctx_causa_acidente_Transitar_na_contramão, ctx_tipo_pista_Simples",desfecho_AltaGravidade,2,urbano
frozenset({'ctx_causa_acidente_Transitar_na_contramão'}),frozenset({'desfecho_AltaGravidade'}),0.022544063396638885,0.3235414674135811,0.012023500478207405,0.5333333333333333,1.6484234234234234,0.00472956112539406,ctx_causa_acidente_Transitar_na_contramão,desfecho_AltaGravidade,1,urbano
"frozenset({'ctx_causa_acidente_Ultrapassagem_Indevida', 'ctx_tracado_via_Reta'})",frozenset({'desfecho_AltaGravidade'}),0.009837409482169695,0.3235414674135811,0.0050553354283372045,0.513888888888889,1.588324652777778,0.0018725255289277444,"ctx_causa_acidente_Ultrapassagem_Indevida, ctx_tracado_via_Reta",desfecho_AltaGravidade,2,urbano
"frozenset({'ctx_tipo_pista_Simples', 'ctx_fase_dia_Amanhecer'})",frozenset({'desfecho_AltaGravidade'}),0.01311654597622626,0.3235414674135811,0.00655827298811313,0.5,1.5453969594594594,0.0023145264555671837,"ctx_fase_dia_Amanhecer, ctx_tipo_pista_Simples",desfecho_AltaGravidade,2,urbano
frozenset({'ctx_causa_acidente_Transitar_no_Acostamento'}),frozenset({'desfecho_AltaGravidade'}),0.012570023227216834,0.3235414674135811,0.006285011613608417,0.5,1.5453969594594594,0.0022180878532518846,ctx_causa_acidente_Transitar_no_Acostamento,desfecho_AltaGravidade,1,urbano
frozenset({'ctx_condicao_metereologica_Ignorado'}),frozenset({'desfecho_AltaGravidade'}),0.01188686979095505,0.3235414674135811,0.005875119551851346,0.49425287356321834,1.5276337760173966,0.0020292242567315814,ctx_condicao_metereologica_Ignorado,desfecho_AltaGravidade,1,urbano
"frozenset({'ctx_tipo_pista_Simples', 'ctx_condicao_metereologica_Nublado', 'ctx_fim_de_semana_Sim'})",frozenset({'desfecho_AltaGravidade'}),0.022134171334881814,0.3235414674135811,0.010247301543926767,0.462962962962963,1.4309231106106108,0.003085979270255482,"ctx_condicao_metereologica_Nublado, ctx_fim_de_semana_Sim, ctx_tipo_pista_Simples",desfecho_AltaGravidade,3,urbano
"frozenset({'ctx_tipo_acidente_Colisão_transversal', 'ctx_fase_dia_Plena_Noite', 'ctx_fim_de_semana_Sim'})",frozenset({'desfecho_AltaGravidade'}),0.014619483536002186,0.3235414674135811,0.006694903675365487,0.45794392523364486,1.4154102993180095,0.00196489451929865,"ctx_fase_dia_Plena_Noite, ctx_fim_de_semana_Sim, ctx_tipo_acidente_Colisão_transversal",desfecho_AltaGravidade,3,urbano
"frozenset({'ctx_tipo_acidente_Colisão_transversal', 'ctx_tracado_via_Reta', 'ctx_fase_dia_Plena_Noite'})",frozenset({'desfecho_AltaGravidade'}),0.01830851209181582,0.3235414674135811,0.00833447192239377,0.45522388059701496,1.407003201895926,0.0024109090540483866,"ctx_fase_dia_Plena_Noite, ctx_tipo_acidente_Colisão_transversal, ctx_tracado_via_Reta",desfecho_AltaGravidade,3,urbano
"frozenset({'ctx_tipo_pista_Simples', 'ctx_condicao_metereologica_Céu_Claro', 'ctx_fase_dia_Plena_Noite'})",frozenset({'desfecho_AltaGravidade'}),0.08730700915425604,0.3235414674135811,0.039622899303183495,0.4538341158059468,1.4027077253309648,0.011375461445924537,"ctx_condicao_metereologica_Céu_Claro, ctx_fase_dia_Plena_Noite, ctx_tipo_pista_Simples",desfecho_AltaGravidade,3,urbano
"frozenset({'ctx_causa_acidente_Velocidade_Incompatível', 'ctx_condicao_metereologica_Céu_Claro', 'ctx_fase_dia_Plena_Noite'})",frozenset({'desfecho_AltaGravidade'}),0.01270665391446919,0.3235414674135811,0.005738488864598989,0.45161290322580644,1.3958424149956408,0.0016273594111951032,"ctx_causa_acidente_Velocidade_Incompatível, ctx_condicao_metereologica_Céu_Claro, ctx_fase_dia_Plena_Noite",desfecho_AltaGravidade,3,urbano
"frozenset({'ctx_tipo_pista_Simples', 'ctx_tracado_via_Curva', 'ctx_fase_dia_Plena_Noite'})",frozenset({'desfecho_AltaGravidade'}),0.014072960786992758,0.3235414674135811,0.006285011613608417,0.44660194174757284,1.3803545657307794,0.0017318252297309948,"ctx_fase_dia_Plena_Noite, ctx_tipo_pista_Simples, ctx_tracado_via_Curva",desfecho_AltaGravidade,3,urbano
"frozenset({'ctx_tipo_pista_Simples', 'ctx_fim_de_semana_Sim', 'ctx_fase_dia_Plena_Noite'})",frozenset({'desfecho_AltaGravidade'}),0.05055335428337204,0.3235414674135811,0.022407432709386527,0.4432432432432432,1.3699735208181154,0.00605132628186569,"ctx_fase_dia_Plena_Noite, ctx_fim_de_semana_Sim, ctx_tipo_pista_Simples",desfecho_AltaGravidade,3,urbano
"frozenset({'ctx_tipo_pista_Simples', 'ctx_fase_dia_Plena_Noite'})",frozenset({'desfecho_AltaGravidade'}),0.13225850526028146,0.3235414674135811,0.05806804208225167,0.43904958677685946,1.3570117929137815,0.015276931212413372,"ctx_fase_dia_Plena_Noite, ctx_tipo_pista_Simples",desfecho_AltaGravidade,2,urbano
"frozenset({'ctx_tipo_acidente_Colisão_transversal', 'ctx_causa_acidente_Acessar_a_via_sem_observar_a_presença_dos_outros_veículos', 'ctx_fase_dia_Plena_Noite'})",frozenset({'desfecho_AltaGravidade'}),0.020357972400601176,0.3235414674135811,0.008880994671403197,0.436241610738255,1.3483329176491927,0.002294346407347508,"ctx_causa_acidente_Acessar_a_via_sem_observar_a_presença_dos_outros_veículos, ctx_fase_dia_Plena_Noite, ctx_tipo_acidente_Colisão_transversal",desfecho_AltaGravidade,3,urbano
"frozenset({'ctx_tipo_acidente_Colisão_transversal', 'ctx_condicao_metereologica_Céu_Claro', 'ctx_fase_dia_Plena_Noite'})",frozenset({'desfecho_AltaGravidade'}),0.030878535319032653,0.3235414674135811,0.013389807350730974,0.4336283185840708,1.3402557701506816,0.003399320722029059,"ctx_condicao_metereologica_Céu_Claro, ctx_fase_dia_Plena_Noite, ctx_tipo_acidente_Colisão_transversal",desfecho_AltaGravidade,3,urbano
"frozenset({'ctx_fase_dia_Amanhecer', 'ctx_fim_de_semana_Sim'})",frozenset({'desfecho_AltaGravidade'}),0.013936330099740402,0.3235414674135811,0.006011750239103703,0.4313725490196078,1.333283651298357,0.0015027695482736341,"ctx_fase_dia_Amanhecer, ctx_fim_de_semana_Sim",desfecho_AltaGravidade,2,urbano
"frozenset({'ctx_fim_de_semana_Sim', 'ctx_condicao_metereologica_Nublado', 'ctx_fase_dia_Plena_Noite'})",frozenset({'desfecho_AltaGravidade'}),0.01748872796830168,0.3235414674135811,0.007514687798879628,0.4296875,1.328075512035473,0.001856359088818366,"ctx_condicao_metereologica_Nublado, ctx_fase_dia_Plena_Noite, ctx_fim_de_semana_Sim",desfecho_AltaGravidade,3,urbano
"frozenset({'ctx_condicao_metereologica_Nublado', 'ctx_tracado_via_Reta', 'ctx_fase_dia_Plena_Noite'})",frozenset({'desfecho_AltaGravidade'}),0.025140046454433667,0.3235414674135811,0.010793824292936193,0.4293478260869565,1.3270256499706228,0.002659976772223129,"ctx_condicao_metereologica_Nublado, ctx_fase_dia_Plena_Noite, ctx_tracado_via_Reta",desfecho_AltaGravidade,3,urbano
"frozenset({'ctx_causa_acidente_Velocidade_Incompatível', 'ctx_tipo_acidente_Saída_de_leito_carroçável'})",frozenset({'desfecho_AltaGravidade'}),0.01311654597622626,0.3235414674135811,0.005601858177346632,0.4270833333333333,1.3200265695382882,0.0013581116448006855,"ctx_causa_acidente_Velocidade_Incompatível, ctx_tipo_acidente_Saída_de_leito_carroçável",desfecho_AltaGravidade,2,urbano
"frozenset({'ctx_tipo_pista_Simples', 'ctx_causa_acidente_Conversão_proibida', 'ctx_tracado_via_Reta'})",frozenset({'desfecho_AltaGravidade'}),0.012570023227216834,0.3235414674135811,0.0053285968028419185,0.42391304347826086,1.31022785693302,0.0012616730424853864,"ctx_causa_acidente_Conversão_proibida, ctx_tipo_pista_Simples, ctx_tracado_via_Reta",desfecho_AltaGravidade,3,urbano
"frozenset({'ctx_condicao_metereologica_Céu_Claro', 'ctx_causa_acidente_Ultrapassagem_Indevida'})",frozenset({'desfecho_AltaGravidade'}),0.012570023227216834,0.3235414674135811,0.0053285968028419185,0.42391304347826086,1.31022785693302,0.0012616730424853864,"ctx_causa_acidente_Ultrapassagem_Indevida, ctx_condicao_metereologica_Céu_Claro",desfecho_AltaGravidade,2,urbano
"frozenset({'ctx_tracado_via_Curva', 'ctx_condicao_metereologica_Céu_Claro', 'ctx_fase_dia_Plena_Noite'})",frozenset({'desfecho_AltaGravidade'}),0.01967481896433939,0.3235414674135811,0.00833447192239377,0.42361111111111116,1.309294646208709,0.00196885212357485,"ctx_condicao_metereologica_Céu_Claro, ctx_fase_dia_Plena_Noite, ctx_tracado_via_Curva",desfecho_AltaGravidade,3,urbano
"frozenset({'ctx_causa_acidente_Velocidade_Incompatível', 'ctx_fase_dia_Plena_Noite'})",frozenset({'desfecho_AltaGravidade'}),0.017761989342806393,0.3235414674135811,0.007514687798879628,0.4230769230769231,1.3076435810810811,0.0017679477027236594,"ctx_causa_acidente_Velocidade_Incompatível, ctx_fase_dia_Plena_Noite",desfecho_AltaGravidade,2,urbano
frozenset({'ctx_causa_acidente_Ultrapassagem_Indevida'}),frozenset({'desfecho_AltaGravidade'}),0.017761989342806393,0.3235414674135811,0.007514687798879628,0.4230769230769231,1.3076435810810811,0.0017679477027236594,ctx_causa_acidente_Ultrapassagem_Indevida,desfecho_AltaGravidade,1,urbano
"frozenset({'ctx_tracado_via_Reta', 'ctx_causa_acidente_Acessar_a_via_sem_observar_a_presença_dos_outros_veículos', 'ctx_fase_dia_Plena_Noite'})",frozenset({'desfecho_AltaGravidade'}),0.014209591474245116,0.3235414674135811,0.006011750239103703,0.4230769230769231,1.3076435810810811,0.0014143581621789266,"ctx_causa_acidente_Acessar_a_via_sem_observar_a_presença_dos_outros_veículos, ctx_fase_dia_Plena_Noite, ctx_tracado_via_Reta",desfecho_AltaGravidade,3,urbano
"frozenset({'ctx_tipo_pista_Simples', 'ctx_tracado_via_Reta', 'ctx_fim_de_semana_Sim'})",frozenset({'desfecho_AltaGravidade'}),0.0586145648312611,0.3235414674135811,0.024730154392676597,0.42191142191142195,1.3040412571662574,0.005765912075361895,"ctx_fim_de_semana_Sim, ctx_tipo_pista_Simples, ctx_tracado_via_Reta",desfecho_AltaGravidade,3,urbano
"frozenset({'ctx_fase_dia_Anoitecer', 'ctx_fim_de_semana_Sim'})",frozenset({'desfecho_AltaGravidade'}),0.014619483536002186,0.3235414674135811,0.00614838092635606,0.4205607476635514,1.2998666014144986,0.001418371770289223,"ctx_fase_dia_Anoitecer, ctx_fim_de_semana_Sim",desfecho_AltaGravidade,2,urbano
"frozenset({'ctx_causa_acidente_Acessar_a_via_sem_observar_a_presença_dos_outros_veículos', 'ctx_fase_dia_Plena_Noite'})",frozenset({'desfecho_AltaGravidade'}),0.03156168875529444,0.3235414674135811,0.013253176663478618,0.4199134199134199,1.2978658447408447,0.003041661569539932,"ctx_causa_acidente_Acessar_a_via_sem_observar_a_presença_dos_outros_veículos, ctx_fase_dia_Plena_Noite",desfecho_AltaGravidade,2,urbano
"frozenset({'ctx_condicao_metereologica_Nublado', 'ctx_tracado_via_Reta', 'ctx_fim_de_semana_Sim'})",frozenset({'desfecho_AltaGravidade'}),0.019538188277087035,0.3235414674135811,0.008197841235141412,0.41958041958041953,1.2968366093366093,0.0018764271293698455,"ctx_condicao_metereologica_Nublado, ctx_fim_de_semana_Sim, ctx_tracado_via_Reta",desfecho_AltaGravidade,3,urbano
"frozenset({'ctx_tipo_acidente_Colisão_transversal', 'ctx_fase_dia_Plena_Noite'})",frozenset({'desfecho_AltaGravidade'}),0.0465910643530537,0.3235414674135811,0.019538188277087035,0.41935483870967744,1.2961393853530951,0.004464046947939452,"ctx_fase_dia_Plena_Noite, ctx_tipo_acidente_Colisão_transversal",desfecho_AltaGravidade,2,urbano
"frozenset({'ctx_tipo_pista_Simples', 'ctx_tracado_via_Curva', 'ctx_fim_de_semana_Sim'})",frozenset({'desfecho_AltaGravidade'}),0.01666894384478754,0.3235414674135811,0.006968165049870201,0.41803278688524587,1.2920531956136463,0.0015750704980930603,"ctx_fim_de_semana_Sim, ctx_tipo_pista_Simples, ctx_tracado_via_Curva",desfecho_AltaGravidade,3,urbano
"frozenset({'ctx_tipo_pista_Simples', 'ctx_fase_dia_Anoitecer', 'ctx_tracado_via_Reta'})",frozenset({'desfecho_AltaGravidade'}),0.014072960786992758,0.3235414674135811,0.005875119551851346,0.4174757281553398,1.290331441878772,0.0013219331679739238,"ctx_fase_dia_Anoitecer, ctx_tipo_pista_Simples, ctx_tracado_via_Reta",desfecho_AltaGravidade,3,urbano
"frozenset({'ctx_tracado_via_Curva', 'ctx_fim_de_semana_Não', 'ctx_fase_dia_Plena_Noite'})",frozenset({'desfecho_AltaGravidade'}),0.017352097281049323,0.3235414674135811,0.007241426424374915,0.4173228346456693,1.2898588795488404,0.0016273034073610061,"ctx_fase_dia_Plena_Noite, ctx_fim_de_semana_Não, ctx_tracado_via_Curva",desfecho_AltaGravidade,3,urbano
"frozenset({'ctx_tipo_pista_Simples', 'ctx_causa_acidente_Conversão_proibida', 'ctx_tipo_acidente_Colisão_transversal'})",frozenset({'desfecho_AltaGravidade'}),0.016942205219292253,0.3235414674135811,0.006968165049870201,0.4112903225806452,1.2712136279424586,0.0014866591119983529,"ctx_causa_acidente_Conversão_proibida, ctx_tipo_acidente_Colisão_transversal, ctx_tipo_pista_Simples",desfecho_AltaGravidade,3,urbano
"frozenset({'ctx_condicao_metereologica_Nublado', 'ctx_tracado_via_Reta', 'ctx_tipo_acidente_Colisão_transversal'})",frozenset({'desfecho_AltaGravidade'}),0.014346222161497472,0.3235414674135811,0.005875119551851346,0.4095238095238095,1.2657537001287,0.0012335217818792163,"ctx_condicao_metereologica_Nublado, ctx_tipo_acidente_Colisão_transversal, ctx_tracado_via_Reta",desfecho_AltaGravidade,3,urbano
"frozenset({'ctx_causa_acidente_Conversão_proibida', 'ctx_tracado_via_Reta'})",frozenset({'desfecho_AltaGravidade'}),0.013389807350730974,0.3235414674135811,0.0054652274900942755,0.40816326530612246,1.2615485383342526,0.0011330695714536218,"ctx_causa_acidente_Conversão_proibida, ctx_tracado_via_Reta",desfecho_AltaGravidade,2,urbano
"frozenset({'ctx_fase_dia_Amanhecer', 'ctx_tracado_via_Reta'})",frozenset({'desfecho_AltaGravidade'}),0.020767864462358246,0.3235414674135811,0.008471102609646126,0.40789473684210525,1.2607185721906116,0.0017518372664483773,"ctx_fase_dia_Amanhecer, ctx_tracado_via_Reta",desfecho_AltaGravidade,2,urbano
"frozenset({'ctx_fim_de_semana_Não', 'ctx_condicao_metereologica_Céu_Claro', 'ctx_fase_dia_Plena_Noite'})",frozenset({'desfecho_AltaGravidade'}),0.13772373275037572,0.3235414674135811,0.056018581773466324,0.4067460317460318,1.2571681614650367,0.011459243181733886,"ctx_condicao_metereologica_Céu_Claro, ctx_fase_dia_Plena_Noite, ctx_fim_de_semana_Não",desfecho_AltaGravidade,3,urbano
"frozenset({'ctx_tracado_via_Curva', 'ctx_fase_dia_Plena_Noite'})",frozenset({'desfecho_AltaGravidade'}),0.03128842738078973,0.3235414674135811,0.01270665391446919,0.40611353711790393,1.25521325091467,0.002583550206625212,"ctx_fase_dia_Plena_Noite, ctx_tracado_via_Curva",desfecho_AltaGravidade,2,urbano
"frozenset({'ctx_condicao_metereologica_Céu_Claro', 'ctx_fase_dia_Plena_Noite'})",frozenset({'desfecho_AltaGravidade'}),0.21437354829894795,0.3235414674135811,0.08689711709249898,0.40535372848948376,1.252864839026407,0.017538384701201157,"ctx_condicao_metereologica_Céu_Claro, ctx_fase_dia_Plena_Noite",desfecho_AltaGravidade,2,urbano
"frozenset({'ctx_tipo_pista_Simples', 'ctx_causa_acidente_Velocidade_Incompatível'})",frozenset({'desfecho_AltaGravidade'}),0.017215466593796965,0.3235414674135811,0.006968165049870201,0.4047619047619048,1.251035633848134,0.0013982477259036463,"ctx_causa_acidente_Velocidade_Incompatível, ctx_tipo_pista_Simples",desfecho_AltaGravidade,2,urbano
"frozenset({'ctx_fase_dia_Amanhecer', 'ctx_condicao_metereologica_Céu_Claro'})",frozenset({'desfecho_AltaGravidade'}),0.027052876075966664,0.3235414674135811,0.010930454980188551,0.40404040404040403,1.2488056238056238,0.0021777277568125353,"ctx_condicao_metereologica_Céu_Claro, ctx_fase_dia_Amanhecer",desfecho_AltaGravidade,2,urbano
"frozenset({'ctx_tipo_pista_Simples', 'ctx_condicao_metereologica_Nublado', 'ctx_tracado_via_Reta'})",frozenset({'desfecho_AltaGravidade'}),0.036207132121874576,0.3235414674135811,0.014619483536002186,0.40377358490566034,1.2479809408465068,0.0029049748784534778,"ctx_condicao_metereologica_Nublado, ctx_tipo_pista_Simples, ctx_tracado_via_Reta",desfecho_AltaGravidade,3,urbano
"frozenset({'ctx_fim_de_semana_Não', 'ctx_tracado_via_Reta', 'ctx_fase_dia_Plena_Noite'})",frozenset({'desfecho_AltaGravidade'}),0.10288290750102473,0.3235414674135811,0.04153572892471649,0.4037184594953519,1.2478105595635476,0.00824884206005922,"ctx_fase_dia_Plena_Noite, ctx_fim_de_semana_Não, ctx_tracado_via_Reta",desfecho_AltaGravidade,3,urbano
"frozenset({'ctx_causa_acidente_Conversão_proibida', 'ctx_tipo_acidente_Colisão_transversal'})",frozenset({'desfecho_AltaGravidade'}),0.01762535865555404,0.3235414674135811,0.007104795737122558,0.40310077519379844,1.2459014246804945,0.0014022613340139416,"ctx_causa_acidente_Conversão_proibida, ctx_tipo_acidente_Colisão_transversal",desfecho_AltaGravidade,2,urbano
"frozenset({'ctx_tracado_via_Reta', 'ctx_fase_dia_Plena_Noite'})",frozenset({'desfecho_AltaGravidade'}),0.1590381199617434,0.3235414674135811,0.06394316163410302,0.40206185567010305,1.2426903385344106,0.012487734926983414,"ctx_fase_dia_Plena_Noite, ctx_tracado_via_Reta",desfecho_AltaGravidade,2,urbano
"frozenset({'ctx_tipo_pista_Simples', 'ctx_condicao_metereologica_Céu_Claro', 'ctx_causa_acidente_Conversão_proibida'})",frozenset({'desfecho_AltaGravidade'}),0.01530263697226397,0.3235414674135811,0.00614838092635606,0.4017857142857143,1.24183684242278,0.0011973433050524555,"ctx_causa_acidente_Conversão_proibida, ctx_condicao_metereologica_Céu_Claro, ctx_tipo_pista_Simples",desfecho_AltaGravidade,3,urbano
"frozenset({'ctx_fim_de_semana_Sim', 'ctx_fase_dia_Plena_Noite'})",frozenset({'desfecho_AltaGravidade'}),0.11012433392539965,0.3235414674135811,0.04413171198251127,0.4007444168734491,1.2386184067131647,0.008501923386344257,"ctx_fase_dia_Plena_Noite, ctx_fim_de_semana_Sim",desfecho_AltaGravidade,2,urbano
"frozenset({'ctx_tipo_pista_Simples', 'ctx_fim_de_semana_Sim'})",frozenset({'desfecho_AltaGravidade'}),0.1200983740948217,0.3235414674135811,0.04809400191282962,0.4004550625711035,1.237724072195062,0.009237197724205795,"ctx_fim_de_semana_Sim, ctx_tipo_pista_Simples",desfecho_AltaGravidade,2,urbano
frozenset({'ctx_fase_dia_Amanhecer'}),frozenset({'desfecho_AltaGravidade'}),0.04030605273944528,0.3235414674135811,0.016122421095778112,0.4,1.2363175675675677,0.003081741646808798,ctx_fase_dia_Amanhecer,desfecho_AltaGravidade,1,urbano
"frozenset({'ctx_tipo_pista_Simples', 'ctx_tipo_acidente_Atropelamento_de_Pedestre', 'ctx_fase_dia_Plena_Noite'})",frozenset({'desfecho_AltaGravidade'}),0.010058231868713605,0.3404505617316628,0.008293629786483148,0.8245614035087719,2.421971047175645,0.004869299096752288,"ctx_fase_dia_Plena_Noite, ctx_tipo_acidente_Atropelamento_de_Pedestre, ctx_tipo_pista_Simples",desfecho_AltaGravidade,3,rural
"frozenset({'ctx_causa_acidente_Pedestre_andava_na_pista', 'ctx_tipo_acidente_Atropelamento_de_Pedestre', 'ctx_fase_dia_Plena_Noite'})",frozenset({'desfecho_AltaGravidade'}),0.007470148814775601,0.3404505617316628,0.006058467148991236,0.8110236220472441,2.382206737806703,0.003515250788781767,"ctx_causa_acidente_Pedestre_andava_na_pista, ctx_fase_dia_Plena_Noite, ctx_tipo_acidente_Atropelamento_de_Pedestre",desfecho_AltaGravidade,3,rural
"frozenset({'ctx_causa_acidente_Transitar_na_contramão', 'ctx_tipo_acidente_Colisão_frontal', 'ctx_fim_de_semana_Sim'})",frozenset({'desfecho_AltaGravidade'}),0.01017587200752897,0.3404505617316628,0.008234809717075466,0.8092485549132947,2.376992861451438,0.004770428376002725,"ctx_causa_acidente_Transitar_na_contramão, ctx_fim_de_semana_Sim, ctx_tipo_acidente_Colisão_frontal",desfecho_AltaGravidade,3,rural
"frozenset({'ctx_tipo_acidente_Atropelamento_de_Pedestre', 'ctx_causa_acidente_Pedestre_andava_na_pista'})",frozenset({'desfecho_AltaGravidade'}),0.010764072701605789,0.3404505617316628,0.00870537027233692,0.808743169398907,2.375508400648034,0.0050407356745547725,"ctx_causa_acidente_Pedestre_andava_na_pista, ctx_tipo_acidente_Atropelamento_de_Pedestre",desfecho_AltaGravidade,2,rural
"frozenset({'ctx_fim_de_semana_Não', 'ctx_tipo_acidente_Atropelamento_de_Pedestre', 'ctx_fase_dia_Plena_Noite'})",frozenset({'desfecho_AltaGravidade'}),0.011822833950944063,0.3404505617316628,0.009528851244044468,0.8059701492537313,2.367363252844279,0.0055037607841853875,"ctx_fase_dia_Plena_Noite, ctx_fim_de_semana_Não, ctx_tipo_acidente_Atropelamento_de_Pedestre",desfecho_AltaGravidade,3,rural
"frozenset({'ctx_tipo_acidente_Atropelamento_de_Pedestre', 'ctx_fase_dia_Plena_Noite'})",frozenset({'desfecho_AltaGravidade'}),0.017822481030527616,0.3404505617316628,0.014352096935474384,0.8052805280528053,2.3653376394999555,0.008284423257179352,"ctx_fase_dia_Plena_Noite, ctx_tipo_acidente_Atropelamento_de_Pedestre",desfecho_AltaGravidade,2,rural
"frozenset({'ctx_causa_acidente_Transitar_na_contramão', 'ctx_tipo_acidente_Colisão_frontal', 'ctx_fase_dia_Plena_Noite'})",frozenset({'desfecho_AltaGravidade'}),0.010117051938121287,0.3404505617316628,0.008117169578260102,0.8023255813953487,2.356658121855965,0.004672813562858301,"ctx_causa_acidente_Transitar_na_contramão, ctx_fase_dia_Plena_Noite, ctx_tipo_acidente_Colisão_frontal",desfecho_AltaGravidade,3,rural
"frozenset({'ctx_tipo_pista_Simples', 'ctx_condicao_metereologica_Céu_Claro', 'ctx_tipo_acidente_Atropelamento_de_Pedestre'})",frozenset({'desfecho_AltaGravidade'}),0.010587612493382742,0.3404505617316628,0.008470089994706194,0.8,2.3498272287491364,0.004865531373936869,"ctx_condicao_metereologica_Céu_Claro, ctx_tipo_acidente_Atropelamento_de_Pedestre, ctx_tipo_pista_Simples",desfecho_AltaGravidade,3,rural
"frozenset({'ctx_causa_acidente_Pedestre_andava_na_pista', 'ctx_fase_dia_Plena_Noite'})",frozenset({'desfecho_AltaGravidade'}),0.007881889300629375,0.3404505617316628,0.006293747426621963,0.7985074626865671,2.3454432227253506,0.003610353786715909,"ctx_causa_acidente_Pedestre_andava_na_pista, ctx_fase_dia_Plena_Noite",desfecho_AltaGravidade,2,rural
frozenset({'ctx_causa_acidente_Pedestre_andava_na_pista'}),frozenset({'desfecho_AltaGravidade'}),0.011352273395682608,0.3404505617316628,0.009058290688783013,0.7979274611398963,2.3437395934414957,0.005193402834291459,ctx_causa_acidente_Pedestre_andava_na_pista,desfecho_AltaGravidade,1,rural
"frozenset({'ctx_tipo_acidente_Atropelamento_de_Pedestre', 'ctx_fim_de_semana_Sim'})",frozenset({'desfecho_AltaGravidade'}),0.009470031174636786,0.3404505617316628,0.007411328745367919,0.7826086956521738,2.2987440281241547,0.004187251312346467,"ctx_fim_de_semana_Sim, ctx_tipo_acidente_Atropelamento_de_Pedestre",desfecho_AltaGravidade,2,rural
"frozenset({'ctx_tipo_pista_Simples', 'ctx_causa_acidente_Transitar_na_contramão', 'ctx_tipo_acidente_Colisão_frontal'})",frozenset({'desfecho_AltaGravidade'}),0.022998647138403622,0.3404505617316628,0.017822481030527616,0.7749360613810742,2.276207321966075,0.009992578693189803,"ctx_causa_acidente_Transitar_na_contramão, ctx_tipo_acidente_Colisão_frontal, ctx_tipo_pista_Simples",desfecho_AltaGravidade,3,rural
"frozenset({'ctx_tipo_pista_Simples', 'ctx_tracado_via_Reta', 'ctx_tipo_acidente_Atropelamento_de_Pedestre'})",frozenset({'desfecho_AltaGravidade'}),0.009058290688783013,0.3404505617316628,0.0069995882595141464,0.7727272727272727,2.2697194823145064,0.003915688106189278,"ctx_tipo_acidente_Atropelamento_de_Pedestre, ctx_tipo_pista_Simples, ctx_tracado_via_Reta",desfecho_AltaGravidade,3,rural
"frozenset({'ctx_tipo_pista_Simples', 'ctx_tipo_acidente_Atropelamento_de_Pedestre'})",frozenset({'desfecho_AltaGravidade'}),0.015940238809481797,0.3404505617316628,0.012293394506205518,0.7712177121771218,2.2652854742092687,0.006866531249380588,"ctx_tipo_acidente_Atropelamento_de_Pedestre, ctx_tipo_pista_Simples",desfecho_AltaGravidade,2,rural
"frozenset({'ctx_causa_acidente_Transitar_na_contramão', 'ctx_tipo_acidente_Colisão_frontal'})",frozenset({'desfecho_AltaGravidade'}),0.025233809775895535,0.3404505617316628,0.019410622904535026,0.7692307692307692,2.259449258412631,0.010819758191701466,"ctx_causa_acidente_Transitar_na_contramão, ctx_tipo_acidente_Colisão_frontal",desfecho_AltaGravidade,2,rural
"frozenset({'ctx_tipo_pista_Simples', 'ctx_tipo_acidente_Colisão_frontal', 'ctx_fase_dia_Plena_Noite'})",frozenset({'desfecho_AltaGravidade'}),0.026174930886418445,0.3404505617316628,0.02011646373742721,0.7685393258426967,2.257418292787092,0.0112051938138586,"ctx_fase_dia_Plena_Noite, ctx_tipo_acidente_Colisão_frontal, ctx_tipo_pista_Simples",desfecho_AltaGravidade,3,rural
"frozenset({'ctx_tipo_pista_Simples', 'ctx_causa_acidente_Transitar_na_contramão', 'ctx_fim_de_semana_Sim'})",frozenset({'desfecho_AltaGravidade'}),0.013587436033174518,0.3404505617316628,0.010411152285159696,0.7662337662337663,2.2506462093538806,0.005785302055172395,"ctx_causa_acidente_Transitar_na_contramão, ctx_fim_de_semana_Sim, ctx_tipo_pista_Simples",desfecho_AltaGravidade,3,rural
"frozenset({'ctx_condicao_metereologica_Céu_Claro', 'ctx_tipo_acidente_Atropelamento_de_Pedestre'})",frozenset({'desfecho_AltaGravidade'}),0.02105758484795012,0.3404505617316628,0.01611669901770484,0.76536312849162,2.2480888990127905,0.00894763242750807,"ctx_condicao_metereologica_Céu_Claro, ctx_tipo_acidente_Atropelamento_de_Pedestre",desfecho_AltaGravidade,2,rural
"frozenset({'ctx_tracado_via_Reta', 'ctx_tipo_acidente_Colisão_frontal', 'ctx_fim_de_semana_Sim'})",frozenset({'desfecho_AltaGravidade'}),0.012234574436797836,0.3404505617316628,0.009352391035821422,0.7644230769230769,2.245327700547552,0.005187123296265757,"ctx_fim_de_semana_Sim, ctx_tipo_acidente_Colisão_frontal, ctx_tracado_via_Reta",desfecho_AltaGravidade,3,rural
"frozenset({'ctx_condicao_metereologica_Nublado', 'ctx_causa_acidente_Transitar_na_contramão'})",frozenset({'desfecho_AltaGravidade'}),0.006881948120698782,0.3404505617316628,0.005234986177283689,0.7606837606837606,2.2343442666524904,0.0028920230737836273,"ctx_causa_acidente_Transitar_na_contramão, ctx_condicao_metereologica_Nublado",desfecho_AltaGravidade,2,rural
frozenset({'ctx_tipo_acidente_Atropelamento_de_Pedestre'}),frozenset({'desfecho_AltaGravidade'}),0.031174636786071408,0.3404505617316628,0.023645667901888125,0.7584905660377359,2.227902231031021,0.013032245296289555,ctx_tipo_acidente_Atropelamento_de_Pedestre,desfecho_AltaGravidade,1,rural
"frozenset({'ctx_condicao_metereologica_Céu_Claro', 'ctx_tipo_acidente_Colisão_frontal', 'ctx_fase_dia_Plena_Noite'})",frozenset({'desfecho_AltaGravidade'}),0.017234280336450795,0.3404505617316628,0.013058055408505381,0.7576791808873721,2.2255189623818614,0.007190634986919757,"ctx_condicao_metereologica_Céu_Claro, ctx_fase_dia_Plena_Noite, ctx_tipo_acidente_Colisão_frontal",desfecho_AltaGravidade,3,rural
"frozenset({'ctx_fim_de_semana_Não', 'ctx_tipo_acidente_Colisão_frontal', 'ctx_fase_dia_Plena_Noite'})",frozenset({'desfecho_AltaGravidade'}),0.015528498323628022,0.3404505617316628,0.01176401388153638,0.7575757575757576,2.2252151787397123,0.006477327904408036,"ctx_fase_dia_Plena_Noite, ctx_fim_de_semana_Não, ctx_tipo_acidente_Colisão_frontal",desfecho_AltaGravidade,3,rural
"frozenset({'ctx_tipo_acidente_Colisão_frontal', 'ctx_fase_dia_Plena_Noite'})",frozenset({'desfecho_AltaGravidade'}),0.02852773366272572,0.3404505617316628,0.02158696547261926,0.7567010309278351,2.222645858120962,0.01187468252221302,"ctx_fase_dia_Plena_Noite, ctx_tipo_acidente_Colisão_frontal",desfecho_AltaGravidade,2,rural
"frozenset({'ctx_causa_acidente_Transitar_na_contramão', 'ctx_fim_de_semana_Sim'})",frozenset({'desfecho_AltaGravidade'}),0.01488147756014352,0.3404505617316628,0.011234633256867244,0.7549407114624507,2.21747529985714,0.006168225862119247,"ctx_causa_acidente_Transitar_na_contramão, ctx_fim_de_semana_Sim",desfecho_AltaGravidade,2,rural
"frozenset({'ctx_causa_acidente_Transitar_na_contramão', 'ctx_tracado_via_Reta', 'ctx_fase_dia_Plena_Noite'})",frozenset({'desfecho_AltaGravidade'}),0.006940768190106464,0.3404505617316628,0.005176166107876007,0.7457627118644067,2.190516908155974,0.0028131776787050046,"ctx_causa_acidente_Transitar_na_contramão, ctx_fase_dia_Plena_Noite, ctx_tracado_via_Reta",desfecho_AltaGravidade,3,rural
"frozenset({'ctx_tipo_pista_Simples', 'ctx_tracado_via_Reta', 'ctx_tipo_acidente_Colisão_frontal'})",frozenset({'desfecho_AltaGravidade'}),0.030527616022586905,0.3404505617316628,0.022704546791365215,0.7437379576107901,2.184569629810132,0.012311402768146993,"ctx_tipo_acidente_Colisão_frontal, ctx_tipo_pista_Simples, ctx_tracado_via_Reta",desfecho_AltaGravidade,3,rural
"frozenset({'ctx_tipo_pista_Simples', 'ctx_tipo_acidente_Colisão_frontal', 'ctx_fim_de_semana_Sim'})",frozenset({'desfecho_AltaGravidade'}),0.028233633315687314,0.3404505617316628,0.020881124639727074,0.7395833333333333,2.1723663182446438,0.011268968317675538,"ctx_fim_de_semana_Sim, ctx_tipo_acidente_Colisão_frontal, ctx_tipo_pista_Simples",desfecho_AltaGravidade,3,rural
"frozenset({'ctx_tipo_pista_Simples', 'ctx_condicao_metereologica_Céu_Claro', 'ctx_tipo_acidente_Colisão_frontal'})",frozenset({'desfecho_AltaGravidade'}),0.03970354685018528,0.3404505617316628,0.029174754426210224,0.7348148148148148,2.1583598249251326,0.015657659598325255,"ctx_condicao_metereologica_Céu_Claro, ctx_tipo_acidente_Colisão_frontal, ctx_tipo_pista_Simples",desfecho_AltaGravidade,3,rural
"frozenset({'ctx_condicao_metereologica_Nublado', 'ctx_tipo_acidente_Colisão_frontal'})",frozenset({'desfecho_AltaGravidade'}),0.0123522145756132,0.3404505617316628,0.009058290688783013,0.7333333333333334,2.1540082930200417,0.004852972297885466,"ctx_condicao_metereologica_Nublado, ctx_tipo_acidente_Colisão_frontal",desfecho_AltaGravidade,2,rural
"frozenset({'ctx_tipo_acidente_Colisão_frontal', 'ctx_fim_de_semana_Sim'})",frozenset({'desfecho_AltaGravidade'}),0.030409975883771544,0.3404505617316628,0.022116346097288395,0.7272727272727272,2.1362065715901237,0.011763252725412053,"ctx_fim_de_semana_Sim, ctx_tipo_acidente_Colisão_frontal",desfecho_AltaGravidade,2,rural
"frozenset({'ctx_tipo_pista_Simples', 'ctx_causa_acidente_Transitar_na_contramão', 'ctx_fase_dia_Plena_Noite'})",frozenset({'desfecho_AltaGravidade'}),0.012940415269690019,0.3404505617316628,0.009411211105229104,0.7272727272727272,2.1362065715901237,0.00500563945762215,"ctx_causa_acidente_Transitar_na_contramão, ctx_fase_dia_Plena_Noite, ctx_tipo_pista_Simples",desfecho_AltaGravidade,3,rural
"frozenset({'ctx_tracado_via_Reta', 'ctx_tipo_acidente_Colisão_frontal'})",frozenset({'desfecho_AltaGravidade'}),0.03264513852126345,0.3404505617316628,0.023704487971295807,0.7261261261261263,2.1328386783466264,0.01259043222392372,"ctx_tipo_acidente_Colisão_frontal, ctx_tracado_via_Reta",desfecho_AltaGravidade,2,rural
"frozenset({'ctx_causa_acidente_Transitar_na_contramão', 'ctx_fase_dia_Plena_Noite'})",frozenset({'desfecho_AltaGravidade'}),0.014822657490735839,0.3404505617316628,0.010705252632198107,0.7222222222222223,2.1213718037318596,0.0056588705631210505,"ctx_causa_acidente_Transitar_na_contramão, ctx_fase_dia_Plena_Noite",desfecho_AltaGravidade,2,rural
"frozenset({'ctx_tipo_pista_Simples', 'ctx_causa_acidente_Ultrapassagem_Indevida', 'ctx_tipo_acidente_Colisão_frontal'})",frozenset({'desfecho_AltaGravidade'}),0.009940591729898241,0.3404505617316628,0.007176048467737192,0.7218934911242604,2.1204062271257,0.0037917684293482137,"ctx_causa_acidente_Ultrapassagem_Indevida, ctx_tipo_acidente_Colisão_frontal, ctx_tipo_pista_Simples",desfecho_AltaGravidade,3,rural
"frozenset({'ctx_causa_acidente_Ultrapassagem_Indevida', 'ctx_tipo_acidente_Colisão_frontal'})",frozenset({'desfecho_AltaGravidade'}),0.010234692076936652,0.3404505617316628,0.007352508675960237,0.7183908045977011,2.1101178419083477,0.0038681020092165555,"ctx_causa_acidente_Ultrapassagem_Indevida, ctx_tipo_acidente_Colisão_frontal",desfecho_AltaGravidade,2,rural
"frozenset({'ctx_condicao_metereologica_Céu_Claro', 'ctx_tipo_acidente_Colisão_frontal'})",frozenset({'desfecho_AltaGravidade'}),0.04299747073701547,0.3404505617316628,0.030880536439032998,0.7181942544459644,2.1095405182853906,0.016242023373575346,"ctx_condicao_metereologica_Céu_Claro, ctx_tipo_acidente_Colisão_frontal",desfecho_AltaGravidade,2,rural
"frozenset({'ctx_tipo_pista_Simples', 'ctx_tipo_acidente_Colisão_frontal'})",frozenset({'desfecho_AltaGravidade'}),0.07617198988294806,0.3404505617316628,0.05434974413269807,0.7135135135135136,2.0957918526681487,0.02841694738882987,"ctx_tipo_acidente_Colisão_frontal, ctx_tipo_pista_Simples",desfecho_AltaGravidade,2,rural
frozenset({'ctx_tipo_acidente_Colisão_frontal'}),frozenset({'desfecho_AltaGravidade'}),0.0809364155049703,0.3404505617316628,0.057114287394859124,0.7056686046511628,2.0727491271033895,0.02955943927164472,ctx_tipo_acidente_Colisão_frontal,desfecho_AltaGravidade,1,rural
"frozenset({'ctx_tipo_pista_Simples', 'ctx_causa_acidente_Transitar_na_contramão', 'ctx_tracado_via_Reta'})",frozenset({'desfecho_AltaGravidade'}),0.015116757837774249,0.3404505617316628,0.01052879242397506,0.6964980544747081,2.0458126164693353,0.0053822837265433,"ctx_causa_acidente_Transitar_na_contramão, ctx_tipo_pista_Simples, ctx_tracado_via_Reta",desfecho_AltaGravidade,3,rural
"frozenset({'ctx_tracado_via_Curva', 'ctx_causa_acidente_Transitar_na_contramão'})",frozenset({'desfecho_AltaGravidade'}),0.009411211105229104,0.3404505617316628,0.006529027704252691,0.69375,2.0377407999308916,0.0033249755969021787,"ctx_causa_acidente_Transitar_na_contramão, ctx_tracado_via_Curva",desfecho_AltaGravidade,2,rural
"frozenset({'ctx_causa_acidente_Transitar_na_contramão', 'ctx_tracado_via_Reta'})",frozenset({'desfecho_AltaGravidade'}),0.016293159225927886,0.3404505617316628,0.011293453326274926,0.6931407942238268,2.035951389529938,0.005746438115424352,"ctx_causa_acidente_Transitar_na_contramão, ctx_tracado_via_Reta",desfecho_AltaGravidade,2,rural
"frozenset({'ctx_tipo_pista_Simples', 'ctx_causa_acidente_Transitar_na_contramão'})",frozenset({'desfecho_AltaGravidade'}),0.03552732192223987,0.3404505617316628,0.02446914887359567,0.6887417218543046,2.023030064486011,0.012373852168347488,"ctx_causa_acidente_Transitar_na_contramão, ctx_tipo_pista_Simples",desfecho_AltaGravidade,2,rural
frozenset({'ctx_causa_acidente_Transitar_na_contramão'}),frozenset({'desfecho_AltaGravidade'}),0.038468325392623966,0.3404505617316628,0.02635139109464149,0.6850152905198776,2.0120844772163857,0.013254828105846272,ctx_causa_acidente_Transitar_na_contramão,desfecho_AltaGravidade,1,rural
"frozenset({'ctx_tipo_pista_Simples', 'ctx_causa_acidente_Ultrapassagem_Indevida'})",frozenset({'desfecho_AltaGravidade'}),0.022410446444326805,0.3404505617316628,0.012116934297982471,0.5406824146981627,1.5881378252044687,0.004487285217354065,"ctx_causa_acidente_Ultrapassagem_Indevida, ctx_tipo_pista_Simples",desfecho_AltaGravidade,2,rural
"frozenset({'ctx_tipo_pista_Simples', 'ctx_tracado_via_Curva;Declive', 'ctx_fim_de_semana_Sim'})",frozenset({'desfecho_AltaGravidade'}),0.010940532909828833,0.3404505617316628,0.00588200694076819,0.5376344086021506,1.5791849655572154,0.0021572963659732204,"ctx_fim_de_semana_Sim, ctx_tipo_pista_Simples, ctx_tracado_via_Curva;Declive",desfecho_AltaGravidade,3,rural
frozenset({'ctx_causa_acidente_Ultrapassagem_Indevida'}),frozenset({'desfecho_AltaGravidade'}),0.024292688665372625,0.3404505617316628,0.012763955061466973,0.5254237288135594,1.5433187307462548,0.004493495559368463,ctx_causa_acidente_Ultrapassagem_Indevida,desfecho_AltaGravidade,1,rural
"frozenset({'ctx_condicao_metereologica_Céu_Claro', 'ctx_causa_acidente_Acessar_a_via_sem_observar_a_presença_dos_outros_veículos', 'ctx_fase_dia_Plena_Noite'})",frozenset({'desfecho_AltaGravidade'}),0.011352273395682608,0.3404505617316628,0.005705546732545144,0.5025906735751294,1.47625156210276,0.0018406588780535888,"ctx_causa_acidente_Acessar_a_via_sem_observar_a_presença_dos_outros_veículos, ctx_condicao_metereologica_Céu_Claro, ctx_fase_dia_Plena_Noite",desfecho_AltaGravidade,3,rural
"frozenset({'ctx_tipo_pista_Simples', 'ctx_causa_acidente_Acessar_a_via_sem_observar_a_presença_dos_outros_veículos', 'ctx_fase_dia_Plena_Noite'})",frozenset({'desfecho_AltaGravidade'}),0.010940532909828833,0.3404505617316628,0.005470266454914417,0.5,1.4686420179682103,0.0017455558801194467,"ctx_causa_acidente_Acessar_a_via_sem_observar_a_presença_dos_outros_veículos, ctx_fase_dia_Plena_Noite, ctx_tipo_pista_Simples",desfecho_AltaGravidade,3,rural
"frozenset({'ctx_tipo_pista_Simples', 'ctx_fase_dia_Amanhecer', 'ctx_tracado_via_Reta'})",frozenset({'desfecho_AltaGravidade'}),0.012646314922651608,0.3404505617316628,0.006293747426621963,0.49767441860465117,1.4618111248613812,0.0019883024073697126,"ctx_fase_dia_Amanhecer, ctx_tipo_pista_Simples, ctx_tracado_via_Reta",desfecho_AltaGravidade,3,rural
"frozenset({'ctx_tipo_pista_Simples', 'ctx_tipo_acidente_Colisão_lateral_sentido_oposto', 'ctx_fim_de_semana_Sim'})",frozenset({'desfecho_AltaGravidade'}),0.011822833950944063,0.3404505617316628,0.00588200694076819,0.4975124378109453,1.4613353412619008,0.0018569164809091095,"ctx_fim_de_semana_Sim, ctx_tipo_acidente_Colisão_lateral_sentido_oposto, ctx_tipo_pista_Simples",desfecho_AltaGravidade,3,rural
"frozenset({'ctx_tipo_pista_Simples', 'ctx_condicao_metereologica_Céu_Claro', 'ctx_causa_acidente_Ingestão_de_álcool_pelo_condutor'})",frozenset({'desfecho_AltaGravidade'}),0.010293512146344332,0.3404505617316628,0.005117346038468326,0.4971428571428572,1.460249777865535,0.0016129140460537038,"ctx_causa_acidente_Ingestão_de_álcool_pelo_condutor, ctx_condicao_metereologica_Céu_Claro, ctx_tipo_pista_Simples",desfecho_AltaGravidade,3,rural
"frozenset({'ctx_tipo_acidente_Colisão_lateral_sentido_oposto', 'ctx_fim_de_semana_Sim'})",frozenset({'desfecho_AltaGravidade'}),0.012116934297982471,0.3404505617316628,0.005999647079583554,0.49514563106796117,1.4543833575995868,0.0018744299913697696,"ctx_fim_de_semana_Sim, ctx_tipo_acidente_Colisão_lateral_sentido_oposto",desfecho_AltaGravidade,2,rural
frozenset({'ctx_causa_acidente_Conversão_proibida'}),frozenset({'desfecho_AltaGravidade'}),0.010352332215752014,0.3404505617316628,0.005058525969060644,0.4886363636363637,1.4352637902871146,0.0015340686509750807,ctx_causa_acidente_Conversão_proibida,desfecho_AltaGravidade,1,rural
"frozenset({'ctx_causa_acidente_Acessar_a_via_sem_observar_a_presença_dos_outros_veículos', 'ctx_fase_dia_Plena_Noite'})",frozenset({'desfecho_AltaGravidade'}),0.015528498323628022,0.3404505617316628,0.0075877889535909656,0.48863636363636365,1.4352637902871146,0.002301102976462621,"ctx_causa_acidente_Acessar_a_via_sem_observar_a_presença_dos_outros_veículos, ctx_fase_dia_Plena_Noite",desfecho_AltaGravidade,2,rural
"frozenset({'ctx_tipo_pista_Simples', 'ctx_tracado_via_Reta', 'ctx_fase_dia_Plena_Noite'})",frozenset({'desfecho_AltaGravidade'}),0.07664255043820951,0.3404505617316628,0.037291924004470324,0.48656945510360705,1.4291926928501077,0.011198924655234595,"ctx_fase_dia_Plena_Noite, ctx_tipo_pista_Simples, ctx_tracado_via_Reta",desfecho_AltaGravidade,3,rural
"frozenset({'ctx_tipo_pista_Simples', 'ctx_fase_dia_Amanhecer', 'ctx_fim_de_semana_Sim'})",frozenset({'desfecho_AltaGravidade'}),0.010881712840421151,0.3404505617316628,0.005293806246691371,0.4864864864864865,1.428948990455556,0.001589120997567342,"ctx_fase_dia_Amanhecer, ctx_fim_de_semana_Sim, ctx_tipo_pista_Simples",desfecho_AltaGravidade,3,rural
"frozenset({'ctx_tipo_pista_Simples', 'ctx_fim_de_semana_Sim', 'ctx_fase_dia_Plena_Noite'})",frozenset({'desfecho_AltaGravidade'}),0.07046644315040292,0.3404505617316628,0.034115640256455505,0.4841402337228715,1.422057379668718,0.010125300102668548,"ctx_fase_dia_Plena_Noite, ctx_fim_de_semana_Sim, ctx_tipo_pista_Simples",desfecho_AltaGravidade,3,rural
"frozenset({'ctx_tipo_acidente_Colisão_lateral_sentido_oposto', 'ctx_fase_dia_Plena_Noite'})",frozenset({'desfecho_AltaGravidade'}),0.010822892771013469,0.3404505617316628,0.005234986177283689,0.4836956521739131,1.4207515173822904,0.001550326253830601,"ctx_fase_dia_Plena_Noite, ctx_tipo_acidente_Colisão_lateral_sentido_oposto",desfecho_AltaGravidade,2,rural
"frozenset({'ctx_tipo_pista_Simples', 'ctx_tipo_acidente_Colisão_lateral_sentido_oposto', 'ctx_tracado_via_Reta'})",frozenset({'desfecho_AltaGravidade'}),0.013881536380212929,0.3404505617316628,0.006705487912475737,0.4830508474576271,1.4188575427828471,0.001979511054133732,"ctx_tipo_acidente_Colisão_lateral_sentido_oposto, ctx_tipo_pista_Simples, ctx_tracado_via_Reta",desfecho_AltaGravidade,3,rural
"frozenset({'ctx_tipo_acidente_Colisão_lateral_sentido_oposto', 'ctx_tracado_via_Reta'})",frozenset({'desfecho_AltaGravidade'}),0.01452855714369743,0.3404505617316628,0.006940768190106464,0.4777327935222672,1.4032369078562656,0.0019945127493841116,"ctx_tipo_acidente_Colisão_lateral_sentido_oposto, ctx_tracado_via_Reta",desfecho_AltaGravidade,2,rural
"frozenset({'ctx_tipo_pista_Simples', 'ctx_tracado_via_Declive;Reta', 'ctx_fim_de_semana_Não'})",frozenset({'desfecho_AltaGravidade'}),0.010822892771013469,0.3404505617316628,0.005117346038468326,0.4728260869565218,1.388824516991677,0.0014326861150152376,"ctx_fim_de_semana_Não, ctx_tipo_pista_Simples, ctx_tracado_via_Declive;Reta",desfecho_AltaGravidade,3,rural
"frozenset({'ctx_tipo_pista_Simples', 'ctx_condicao_metereologica_Céu_Claro', 'ctx_fase_dia_Plena_Noite'})",frozenset({'desfecho_AltaGravidade'}),0.10881712840421151,0.3404505617316628,0.05111464031527557,0.46972972972972976,1.3797296363398646,0.014067787824035283,"ctx_condicao_metereologica_Céu_Claro, ctx_fase_dia_Plena_Noite, ctx_tipo_pista_Simples",desfecho_AltaGravidade,3,rural
"frozenset({'ctx_tipo_pista_Simples', 'ctx_tipo_acidente_Colisão_traseira', 'ctx_fase_dia_Plena_Noite'})",frozenset({'desfecho_AltaGravidade'}),0.016587259572966296,0.3404505617316628,0.007705429092406329,0.4645390070921986,1.3644830096016705,0.002058287253201052,"ctx_fase_dia_Plena_Noite, ctx_tipo_acidente_Colisão_traseira, ctx_tipo_pista_Simples",desfecho_AltaGravidade,3,rural
"frozenset({'ctx_fim_de_semana_Não', 'ctx_tracado_via_Reta', 'ctx_tipo_acidente_Colisão_transversal'})",frozenset({'desfecho_AltaGravidade'}),0.018704782071642844,0.3404505617316628,0.008646550202929239,0.4622641509433962,1.3578011109517414,0.002278496639570096,"ctx_fim_de_semana_Não, ctx_tipo_acidente_Colisão_transversal, ctx_tracado_via_Reta",desfecho_AltaGravidade,3,rural
"frozenset({'ctx_tipo_pista_Simples', 'ctx_tipo_acidente_Colisão_lateral_sentido_oposto'})",frozenset({'desfecho_AltaGravidade'}),0.03617434268572437,0.3404505617316628,0.016587259572966296,0.4585365853658536,1.3468521920879195,0.004271684285337765,"ctx_tipo_acidente_Colisão_lateral_sentido_oposto, ctx_tipo_pista_Simples",desfecho_AltaGravidade,2,rural
"frozenset({'ctx_tipo_pista_Simples', 'ctx_fase_dia_Plena_Noite'})",frozenset({'desfecho_AltaGravidade'}),0.1791071113463914,0.3404505617316628,0.08199517675430858,0.45779967159277507,1.344687667026394,0.021018060086294144,"ctx_fase_dia_Plena_Noite, ctx_tipo_pista_Simples",desfecho_AltaGravidade,2,rural
"frozenset({'ctx_tipo_pista_Simples', 'ctx_fase_dia_Amanhecer'})",frozenset({'desfecho_AltaGravidade'}),0.03176283748014823,0.3404505617316628,0.01452855714369743,0.4574074074074074,1.343535475696844,0.0037148812813894514,"ctx_fase_dia_Amanhecer, ctx_tipo_pista_Simples",desfecho_AltaGravidade,2,rural
"frozenset({'ctx_tipo_pista_Simples', 'ctx_tracado_via_Declive;Reta'})",frozenset({'desfecho_AltaGravidade'}),0.014822657490735839,0.3404505617316628,0.006764307981883419,0.4563492063492064,1.3404272386217793,0.001717925912806363,"ctx_tipo_pista_Simples, ctx_tracado_via_Declive;Reta",desfecho_AltaGravidade,2,rural
frozenset({'ctx_tipo_acidente_Colisão_lateral_sentido_oposto'}),frozenset({'desfecho_AltaGravidade'}),0.03717428386565496,0.3404505617316628,0.01694017998941239,0.4556962025316456,1.3385091809330525,0.004284174165377868,ctx_tipo_acidente_Colisão_lateral_sentido_oposto,desfecho_AltaGravidade,1,rural
"frozenset({'ctx_tipo_pista_Simples', 'ctx_tracado_via_Curva;Declive', 'ctx_condicao_metereologica_Céu_Claro'})",frozenset({'desfecho_AltaGravidade'}),0.015704958531851068,0.3404505617316628,0.00711722839832951,0.4531835205992509,1.3311287204056435,0.0017704664441883433,"ctx_condicao_metereologica_Céu_Claro, ctx_tipo_pista_Simples, ctx_tracado_via_Curva;Declive",desfecho_AltaGravidade,3,rural
"frozenset({'ctx_tipo_pista_Simples', 'ctx_fim_de_semana_Não', 'ctx_fase_dia_Anoitecer'})",frozenset({'desfecho_AltaGravidade'}),0.01888124227986589,0.3404505617316628,0.008528910064113876,0.45171339563862933,1.3268105458279782,0.002100780523741912,"ctx_fase_dia_Anoitecer, ctx_fim_de_semana_Não, ctx_tipo_pista_Simples",desfecho_AltaGravidade,3,rural
"frozenset({'ctx_tipo_acidente_Colisão_transversal', 'ctx_fim_de_semana_Não', 'ctx_fase_dia_Plena_Noite'})",frozenset({'desfecho_AltaGravidade'}),0.012646314922651608,0.3404505617316628,0.005705546732545144,0.4511627906976744,1.3251932627248035,0.0014001017132928935,"ctx_fase_dia_Plena_Noite, ctx_fim_de_semana_Não, ctx_tipo_acidente_Colisão_transversal",desfecho_AltaGravidade,3,rural
"frozenset({'ctx_fim_de_semana_Não', 'ctx_condicao_metereologica_Céu_Claro', 'ctx_tipo_acidente_Colisão_transversal'})",frozenset({'desfecho_AltaGravidade'}),0.03246867831304041,0.3404505617316628,0.014646197282512794,0.4510869565217392,1.3249705162104506,0.0035922175121535296,"ctx_condicao_metereologica_Céu_Claro, ctx_fim_de_semana_Não, ctx_tipo_acidente_Colisão_transversal",desfecho_AltaGravidade,3,rural
"frozenset({'ctx_tipo_acidente_Colisão_transversal', 'ctx_condicao_metereologica_Céu_Claro', 'ctx_fase_dia_Plena_Noite'})",frozenset({'desfecho_AltaGravidade'}),0.013234515616728428,0.3404505617316628,0.005940827010175872,0.44888888888888895,1.318514167242571,0.0014351287342142154,"ctx_condicao_metereologica_Céu_Claro, ctx_fase_dia_Plena_Noite, ctx_tipo_acidente_Colisão_transversal",desfecho_AltaGravidade,3,rural
"frozenset({'ctx_tipo_pista_Simples', 'ctx_causa_acidente_Velocidade_Incompatível', 'ctx_tracado_via_Curva;Declive'})",frozenset({'desfecho_AltaGravidade'}),0.011293453326274926,0.3404505617316628,0.005058525969060644,0.4479166666666667,1.315658474429855,0.0012136634402400291,"ctx_causa_acidente_Velocidade_Incompatível, ctx_tipo_pista_Simples, ctx_tracado_via_Curva;Declive",desfecho_AltaGravidade,3,rural
"frozenset({'ctx_fim_de_semana_Não', 'ctx_fase_dia_Pleno_dia', 'ctx_tipo_acidente_Colisão_transversal'})",frozenset({'desfecho_AltaGravidade'}),0.03093935650844068,0.3404505617316628,0.013822716310805247,0.4467680608365019,1.3122846928613285,0.003289395007890439,"ctx_fase_dia_Pleno_dia, ctx_fim_de_semana_Não, ctx_tipo_acidente_Colisão_transversal",desfecho_AltaGravidade,3,rural
"frozenset({'ctx_fim_de_semana_Não', 'ctx_tipo_acidente_Colisão_transversal'})",frozenset({'desfecho_AltaGravidade'}),0.04858537733074525,0.3404505617316628,0.02170460561143462,0.4467312348668281,1.3121765245284978,0.005163686607237601,"ctx_fim_de_semana_Não, ctx_tipo_acidente_Colisão_transversal",desfecho_AltaGravidade,2,rural
"frozenset({'ctx_tipo_pista_Simples', 'ctx_tracado_via_Reta', 'ctx_fim_de_semana_Sim'})",frozenset({'desfecho_AltaGravidade'}),0.07728957120169402,0.3404505617316628,0.03452738074230927,0.44672754946727544,1.3121656994632256,0.00821410281069319,"ctx_fim_de_semana_Sim, ctx_tipo_pista_Simples, ctx_tracado_via_Reta",desfecho_AltaGravidade,3,rural
"frozenset({'ctx_tipo_pista_Simples', 'ctx_tracado_via_Reta;Declive', 'ctx_condicao_metereologica_Céu_Claro'})",frozenset({'desfecho_AltaGravidade'}),0.011528733603905652,0.3404505617316628,0.005117346038468326,0.4438775510204082,1.303794444522799,0.001192382206963949,"ctx_condicao_metereologica_Céu_Claro, ctx_tipo_pista_Simples, ctx_tracado_via_Reta;Declive",desfecho_AltaGravidade,3,rural
"frozenset({'ctx_tipo_pista_Simples', 'ctx_fase_dia_Anoitecer'})",frozenset({'desfecho_AltaGravidade'}),0.028939474148579496,0.3404505617316628,0.012822775130874655,0.44308943089430897,1.3014795118580074,0.0029703149007718303,"ctx_fase_dia_Anoitecer, ctx_tipo_pista_Simples",desfecho_AltaGravidade,2,rural
"frozenset({'ctx_tipo_acidente_Colisão_transversal', 'ctx_fase_dia_Plena_Noite'})",frozenset({'desfecho_AltaGravidade'}),0.018528321863419798,0.3404505617316628,0.008175989647667784,0.44126984126984126,1.296134860302103,0.001868012061321464,"ctx_fase_dia_Plena_Noite, ctx_tipo_acidente_Colisão_transversal",desfecho_AltaGravidade,2,rural
"frozenset({'ctx_fase_dia_Amanhecer', 'ctx_tracado_via_Reta'})",frozenset({'desfecho_AltaGravidade'}),0.02199870595847303,0.3404505617316628,0.009705311452267513,0.4411764705882353,1.2958606040895972,0.002215839651335692,"ctx_fase_dia_Amanhecer, ctx_tracado_via_Reta",desfecho_AltaGravidade,2,rural
"frozenset({'ctx_condicao_metereologica_Céu_Claro', 'ctx_tipo_acidente_Colisão_transversal'})",frozenset({'desfecho_AltaGravidade'}),0.04823245691429916,0.3404505617316628,0.021234045056173167,0.4402439024390244,1.2931213865524973,0.0048132780060017935,"ctx_condicao_metereologica_Céu_Claro, ctx_tipo_acidente_Colisão_transversal",desfecho_AltaGravidade,2,rural
"frozenset({'ctx_tipo_pista_Simples', 'ctx_condicao_metereologica_Nublado', 'ctx_tracado_via_Reta'})",frozenset({'desfecho_AltaGravidade'}),0.03564496206105523,0.3404505617316628,0.015646138462443386,0.4389438943894389,1.2893028936618611,0.003510791105853322,"ctx_condicao_metereologica_Nublado, ctx_tipo_pista_Simples, ctx_tracado_via_Reta",desfecho_AltaGravidade,3,rural
"frozenset({'ctx_tipo_pista_Simples', 'ctx_tracado_via_Curva;Declive'})",frozenset({'desfecho_AltaGravidade'}),0.03258631845185577,0.3404505617316628,0.014293276866066702,0.43862815884476536,1.2883754886869137,0.003199246444365554,"ctx_tipo_pista_Simples, ctx_tracado_via_Curva;Declive",desfecho_AltaGravidade,2,rural
"frozenset({'ctx_tipo_pista_Simples', 'ctx_fim_de_semana_Não', 'ctx_tracado_via_Reta;Declive'})",frozenset({'desfecho_AltaGravidade'}),0.013587436033174518,0.3404505617316628,0.005940827010175872,0.4372294372294373,1.2842670460154912,0.0013149767801885716,"ctx_fim_de_semana_Não, ctx_tipo_pista_Simples, ctx_tracado_via_Reta;Declive",desfecho_AltaGravidade,3,rural
"frozenset({'ctx_tipo_pista_Simples', 'ctx_condicao_metereologica_Sol', 'ctx_tracado_via_Reta'})",frozenset({'desfecho_AltaGravidade'}),0.013999176519028293,0.3404505617316628,0.006117287218398918,0.4369747899159664,1.2835190745268392,0.0013512597087150316,"ctx_condicao_metereologica_Sol, ctx_tipo_pista_Simples, ctx_tracado_via_Reta",desfecho_AltaGravidade,3,rural
"frozenset({'ctx_tipo_pista_Simples', 'ctx_causa_acidente_Ingestão_de_álcool_pelo_condutor'})",frozenset({'desfecho_AltaGravidade'}),0.015352038115404976,0.3404505617316628,0.006705487912475737,0.4367816091954023,1.2829516478802756,0.0014788779123602143,"ctx_causa_acidente_Ingestão_de_álcool_pelo_condutor, ctx_tipo_pista_Simples",desfecho_AltaGravidade,2,rural
frozenset({'ctx_tipo_acidente_Colisão_transversal'}),frozenset({'desfecho_AltaGravidade'}),0.0711722839832951,0.3404505617316628,0.031056996647256044,0.43636363636363634,1.2817239429540743,0.006826352585417798,ctx_tipo_acidente_Colisão_transversal,desfecho_AltaGravidade,1,rural
"frozenset({'ctx_fim_de_semana_Sim', 'ctx_tracado_via_Reta', 'ctx_fase_dia_Plena_Noite'})",frozenset({'desfecho_AltaGravidade'}),0.05111464031527557,0.3404505617316628,0.02229280630551144,0.4361334867663982,1.2810479282162295,0.004890798297463972,"ctx_fase_dia_Plena_Noite, ctx_fim_de_semana_Sim, ctx_tracado_via_Reta",desfecho_AltaGravidade,3,rural
"frozenset({'ctx_tipo_pista_Simples', 'ctx_condicao_metereologica_Céu_Claro', 'ctx_fim_de_semana_Sim'})",frozenset({'desfecho_AltaGravidade'}),0.1166990177048409,0.3404505617316628,0.050644079760014116,0.4339717741935484,1.2746983643857146,0.010913833628867768,"ctx_condicao_metereologica_Céu_Claro, ctx_fim_de_semana_Sim, ctx_tipo_pista_Simples",desfecho_AltaGravidade,3,rural
"frozenset({'ctx_tipo_pista_Simples', 'ctx_causa_acidente_Velocidade_Incompatível', 'ctx_fim_de_semana_Sim'})",frozenset({'desfecho_AltaGravidade'}),0.029174754426210224,0.3404505617316628,0.012646314922651608,0.4334677419354838,1.2732178784805046,0.0027137533898650215,"ctx_causa_acidente_Velocidade_Incompatível, ctx_fim_de_semana_Sim, ctx_tipo_pista_Simples",desfecho_AltaGravidade,3,rural
"frozenset({'ctx_condicao_metereologica_Nublado', 'ctx_tracado_via_Reta', 'ctx_fase_dia_Plena_Noite'})",frozenset({'desfecho_AltaGravidade'}),0.02511616963708017,0.3404505617316628,0.010881712840421151,0.4332552693208431,1.2725937860614467,0.0023308987789294727,"ctx_condicao_metereologica_Nublado, ctx_fase_dia_Plena_Noite, ctx_tracado_via_Reta",desfecho_AltaGravidade,3,rural
"frozenset({'ctx_tracado_via_Reta;Declive', 'ctx_fase_dia_Plena_Noite'})",frozenset({'desfecho_AltaGravidade'}),0.013234515616728428,0.3404505617316628,0.005705546732545144,0.4311111111111111,1.266295784381479,0.001199848456583487,"ctx_fase_dia_Plena_Noite, ctx_tracado_via_Reta;Declive",desfecho_AltaGravidade,2,rural
"frozenset({'ctx_tipo_pista_Simples', 'ctx_fim_de_semana_Não', 'ctx_tracado_via_Declive;Curva'})",frozenset({'desfecho_AltaGravidade'}),0.013587436033174518,0.3404505617316628,0.005823186871360508,0.4285714285714286,1.2588360154013232,0.0011973366413732074,"ctx_fim_de_semana_Não, ctx_tipo_pista_Simples, ctx_tracado_via_Declive;Curva",desfecho_AltaGravidade,3,rural
"frozenset({'ctx_condicao_metereologica_Céu_Claro', 'ctx_tracado_via_Reta', 'ctx_fase_dia_Plena_Noite'})",frozenset({'desfecho_AltaGravidade'}),0.08375977883653903,0.3404505617316628,0.03588024233868596,0.42837078651685395,1.2582466726974835,0.007364178583266406,"ctx_condicao_metereologica_Céu_Claro, ctx_fase_dia_Plena_Noite, ctx_tracado_via_Reta",desfecho_AltaGravidade,3,rural
"frozenset({'ctx_fim_de_semana_Não', 'ctx_tipo_acidente_Colisão_traseira', 'ctx_fase_dia_Plena_Noite'})",frozenset({'desfecho_AltaGravidade'}),0.030351155814363862,0.3404505617316628,0.012999235339097701,0.42829457364341084,1.2580228138409861,0.0026661672928922995,"ctx_fase_dia_Plena_Noite, ctx_fim_de_semana_Não, ctx_tipo_acidente_Colisão_traseira",desfecho_AltaGravidade,3,rural
"frozenset({'ctx_tipo_pista_Simples', 'ctx_fim_de_semana_Sim'})",frozenset({'desfecho_AltaGravidade'}),0.19404740897594258,0.3404505617316628,0.08299511793423917,0.4277053652622007,1.2562921414690178,0.016931568545805797,"ctx_fim_de_semana_Sim, ctx_tipo_pista_Simples",desfecho_AltaGravidade,2,rural
"frozenset({'ctx_fim_de_semana_Sim', 'ctx_condicao_metereologica_Céu_Claro', 'ctx_fase_dia_Plena_Noite'})",frozenset({'desfecho_AltaGravidade'}),0.07287806599611787,0.3404505617316628,0.031056996647256044,0.4261501210653753,1.2517239475176998,0.006245618140960519,"ctx_condicao_metereologica_Céu_Claro, ctx_fase_dia_Plena_Noite, ctx_fim_de_semana_Sim",desfecho_AltaGravidade,3,rural
"frozenset({'ctx_tipo_pista_Simples', 'ctx_causa_acidente_Velocidade_Incompatível', 'ctx_condicao_metereologica_Nublado'})",frozenset({'desfecho_AltaGravidade'}),0.014293276866066702,0.3404505617316628,0.006058467148991236,0.42386831275720166,1.2450216284010343,0.0011923130109526463,"ctx_causa_acidente_Velocidade_Incompatível, ctx_condicao_metereologica_Nublado, ctx_tipo_pista_Simples",desfecho_AltaGravidade,3,rural
"frozenset({'ctx_tipo_pista_Simples', 'ctx_tracado_via_Reta'})",frozenset({'desfecho_AltaGravidade'}),0.2210458208340686,0.3404505617316628,0.0932298100111758,0.42176689728579025,1.2388491742839876,0.01797463613978066,"ctx_tipo_pista_Simples, ctx_tracado_via_Reta",desfecho_AltaGravidade,2,rural
"frozenset({'ctx_tipo_pista_Simples', 'ctx_tracado_via_Declive;Curva'})",frozenset({'desfecho_AltaGravidade'}),0.020939944709134756,0.3404505617316628,0.008823010411152285,0.42134831460674155,1.2376196780630984,0.0016939944722973964,"ctx_tipo_pista_Simples, ctx_tracado_via_Declive;Curva",desfecho_AltaGravidade,2,rural
"frozenset({'ctx_fim_de_semana_Sim', 'ctx_condicao_metereologica_Nublado', 'ctx_fase_dia_Plena_Noite'})",frozenset({'desfecho_AltaGravidade'}),0.023057467207811305,0.3404505617316628,0.009705311452267513,0.42091836734693877,1.236356800840585,0.0018553837892587594,"ctx_condicao_metereologica_Nublado, ctx_fase_dia_Plena_Noite, ctx_fim_de_semana_Sim",desfecho_AltaGravidade,3,rural
"frozenset({'ctx_tracado_via_Reta', 'ctx_fase_dia_Plena_Noite'})",frozenset({'desfecho_AltaGravidade'}),0.13116875477913065,0.3404505617316628,0.05517322510440562,0.4206278026905829,1.2355033299140636,0.010516748858207858,"ctx_fase_dia_Plena_Noite, ctx_tracado_via_Reta",desfecho_AltaGravidade,2,rural
"frozenset({'ctx_causa_acidente_Acessar_a_via_sem_observar_a_presença_dos_outros_veículos', 'ctx_fim_de_semana_Sim'})",frozenset({'desfecho_AltaGravidade'}),0.01599905887888948,0.3404505617316628,0.006705487912475737,0.4191176470588235,1.2310675738851171,0.0012585993299798664,"ctx_causa_acidente_Acessar_a_via_sem_observar_a_presença_dos_outros_veículos, ctx_fim_de_semana_Sim",desfecho_AltaGravidade,2,rural
"frozenset({'ctx_tipo_pista_Simples', 'ctx_causa_acidente_Acessar_a_via_sem_observar_a_presença_dos_outros_veículos'})",frozenset({'desfecho_AltaGravidade'}),0.04176224927945415,0.3404505617316628,0.01735192047526616,0.4154929577464789,1.220420831832738,0.0031339392488982636,"ctx_causa_acidente_Acessar_a_via_sem_observar_a_presença_dos_outros_veículos, ctx_tipo_pista_Simples",desfecho_AltaGravidade,2,rural
"frozenset({'ctx_fim_de_semana_Sim', 'ctx_fase_dia_Plena_Noite'})",frozenset({'desfecho_AltaGravidade'}),0.11769895888477148,0.3404505617316628,0.04887947767778366,0.41529235382308843,1.219831601131017,0.00880880101023132,"ctx_fase_dia_Plena_Noite, ctx_fim_de_semana_Sim",desfecho_AltaGravidade,2,rural
"frozenset({'ctx_tipo_pista_Simples', 'ctx_condicao_metereologica_Sol'})",frozenset({'desfecho_AltaGravidade'}),0.035409681783424504,0.3404505617316628,0.014705017351920474,0.4152823920265781,1.219802340505158,0.002649771298014173,"ctx_condicao_metereologica_Sol, ctx_tipo_pista_Simples",desfecho_AltaGravidade,2,rural
"frozenset({'ctx_tipo_pista_Simples', 'ctx_tracado_via_Reta;Declive'})",frozenset({'desfecho_AltaGravidade'}),0.02041056408446562,0.3404505617316628,0.008470089994706194,0.414985590778098,1.2189305509361514,0.0015213019868897714,"ctx_tipo_pista_Simples, ctx_tracado_via_Reta;Declive",desfecho_AltaGravidade,2,rural
"frozenset({'ctx_condicao_metereologica_Nublado', 'ctx_fase_dia_Plena_Noite'})",frozenset({'desfecho_AltaGravidade'}),0.06058467148991236,0.3404505617316628,0.02511616963708017,0.41456310679611647,1.2176895954804383,0.004490084196011251,"ctx_condicao_metereologica_Nublado, ctx_fase_dia_Plena_Noite",desfecho_AltaGravidade,2,rural
"frozenset({'ctx_condicao_metereologica_Céu_Claro', 'ctx_fase_dia_Plena_Noite'})",frozenset({'desfecho_AltaGravidade'}),0.19057702488088937,0.3404505617316628,0.07887771307570143,0.41388888888888886,1.2157092259847961,0.013995657901853559,"ctx_condicao_metereologica_Céu_Claro, ctx_fase_dia_Plena_Noite",desfecho_AltaGravidade,2,rural
frozenset({'ctx_condicao_metereologica_Ignorado'}),frozenset({'desfecho_AltaGravidade'}),0.013822716310805247,0.3404505617316628,0.005705546732545144,0.4127659574468085,1.2124108573865224,0.0009995951998740798,ctx_condicao_metereologica_Ignorado,desfecho_AltaGravidade,1,rural
"frozenset({'ctx_tipo_pista_Simples', 'ctx_condicao_metereologica_Céu_Claro'})",frozenset({'desfecho_AltaGravidade'}),0.32809834715604963,0.3404505617316628,0.13475677901299923,0.4107206884187881,1.206403321321323,0.023055512420492016,"ctx_condicao_metereologica_Céu_Claro, ctx_tipo_pista_Simples",desfecho_AltaGravidade,2,rural
"frozenset({'ctx_condicao_metereologica_Céu_Claro', 'ctx_causa_acidente_Acessar_a_via_sem_observar_a_presença_dos_outros_veículos'})",frozenset({'desfecho_AltaGravidade'}),0.039174166225516144,0.3404505617316628,0.01605787894829716,0.40990990990991,1.204021834550515,0.0027210120514506563,"ctx_causa_acidente_Acessar_a_via_sem_observar_a_presença_dos_outros_veículos, ctx_condicao_metereologica_Céu_Claro",desfecho_AltaGravidade,2,rural
"frozenset({'ctx_tipo_acidente_Colisão_traseira', 'ctx_fase_dia_Plena_Noite'})",frozenset({'desfecho_AltaGravidade'}),0.04558555379095347,0.3404505617316628,0.01858714193282748,0.407741935483871,1.1976538778785921,0.0030675145378484397,"ctx_fase_dia_Plena_Noite, ctx_tipo_acidente_Colisão_traseira",desfecho_AltaGravidade,2,rural
frozenset({'ctx_tipo_pista_Simples'}),frozenset({'desfecho_AltaGravidade'}),0.5542615140285866,0.3404505617316628,0.22533968590082937,0.40655842088506844,1.1941775593412316,0.03664104210355515,ctx_tipo_pista_Simples,desfecho_AltaGravidade,1,rural
"frozenset({'ctx_causa_acidente_Velocidade_Incompatível', 'ctx_tracado_via_Curva', 'ctx_fase_dia_Plena_Noite'})",frozenset({'desfecho_AltaGravidade'}),0.014352096935474384,0.3404505617316628,0.005823186871360508,0.4057377049180328,1.1917668834332198,0.0009370074076509773,"ctx_causa_acidente_Velocidade_Incompatível, ctx_fase_dia_Plena_Noite, ctx_tracado_via_Curva",desfecho_AltaGravidade,3,rural
"frozenset({'ctx_tracado_via_Reta', 'ctx_causa_acidente_Acessar_a_via_sem_observar_a_presença_dos_outros_veículos'})",frozenset({'desfecho_AltaGravidade'}),0.02293982706899594,0.3404505617316628,0.00929357096641374,0.40512820512820513,1.1899766094306523,0.0014836939547468678,"ctx_causa_acidente_Acessar_a_via_sem_observar_a_presença_dos_outros_veículos, ctx_tracado_via_Reta",desfecho_AltaGravidade,2,rural
frozenset({'ctx_causa_acidente_Acessar_a_via_sem_observar_a_presença_dos_outros_veículos'}),frozenset({'desfecho_AltaGravidade'}),0.054232103993882716,0.3404505617316628,0.021881065819657666,0.40347071583514094,1.1851080925903994,0.003417715551050339,ctx_causa_acidente_Acessar_a_via_sem_observar_a_presença_dos_outros_veículos,desfecho_AltaGravidade,1,rural
"frozenset({'ctx_condicao_metereologica_Céu_Claro', 'ctx_causa_acidente_Ingestão_de_álcool_pelo_condutor'})",frozenset({'desfecho_AltaGravidade'}),0.016528439503558614,0.3404505617316628,0.006646667843068055,0.40213523131672596,1.1811853952342188,0.0010195513295337185,"ctx_causa_acidente_Ingestão_de_álcool_pelo_condutor, ctx_condicao_metereologica_Céu_Claro",desfecho_AltaGravidade,2,rural
frozenset({'ctx_fase_dia_Plena_Noite'}),frozenset({'desfecho_AltaGravidade'}),0.3097464855008529,0.3404505617316628,0.12405152638080114,0.4004937333839727,1.17636384956132,0.01859816139762742,ctx_fase_dia_Plena_Noite,desfecho_AltaGravidade,1,rural
