antecedents,consequents,antecedent support,consequent support,support,confidence,lift,leverage,antecedents_str,consequents_str,n_antecedentes,explicacao_natural
"frozenset({'ctx_causa_acidente_Pedestre_andava_na_pista', 'ctx_tipo_acidente_Atropelamento_de_Pedestre', 'ctx_fase_dia_Plena_Noite'})",frozenset({'desfecho_AltaGravidade'}),0.007606907894736842,0.33536184210526315,0.006208881578947369,0.8162162162162162,2.4338374666967115,0.003657814934643352,"ctx_causa_acidente_Pedestre_andava_na_pista, ctx_fase_dia_Plena_Noite, ctx_tipo_acidente_Atropelamento_de_Pedestre",desfecho_AltaGravidade,3,"Quando causa=Pedestre andava na pista E fase do dia=Plena Noite E tipo de acidente=Atropelamento de Pedestre, entao alta gravidade. [Suporte: 0.6% | Confianca: 81.6% | Lift: 2.43]"
"frozenset({'ctx_causa_acidente_Pedestre_andava_na_pista', 'ctx_tipo_acidente_Atropelamento_de_Pedestre', 'ctx_uso_solo_Não'})",frozenset({'desfecho_AltaGravidade'}),0.007524671052631579,0.33536184210526315,0.0060855263157894735,0.8087431693989071,2.411553933273838,0.003562038770342798,"ctx_causa_acidente_Pedestre_andava_na_pista, ctx_tipo_acidente_Atropelamento_de_Pedestre, ctx_uso_solo_Não",desfecho_AltaGravidade,3,"Quando causa=Pedestre andava na pista E tipo de acidente=Atropelamento de Pedestre E entorno=rural, entao alta gravidade. [Suporte: 0.6% | Confianca: 80.9% | Lift: 2.41]"
"frozenset({'ctx_fase_dia_Plena_Noite', 'ctx_tipo_acidente_Atropelamento_de_Pedestre', 'ctx_uso_solo_Não'})",frozenset({'desfecho_AltaGravidade'}),0.012458881578947369,0.33536184210526315,0.010032894736842105,0.8052805280528053,2.4012288428450494,0.005854661259954986,"ctx_fase_dia_Plena_Noite, ctx_tipo_acidente_Atropelamento_de_Pedestre, ctx_uso_solo_Não",desfecho_AltaGravidade,3,"Quando fase do dia=Plena Noite E tipo de acidente=Atropelamento de Pedestre E entorno=rural, entao alta gravidade. [Suporte: 1.0% | Confianca: 80.5% | Lift: 2.40]"
"frozenset({'ctx_causa_acidente_Pedestre_andava_na_pista', 'ctx_fase_dia_Plena_Noite'})",frozenset({'desfecho_AltaGravidade'}),0.007935855263157895,0.33536184210526315,0.006373355263157895,0.8031088082901554,2.394753091909831,0.003711972223424515,"ctx_causa_acidente_Pedestre_andava_na_pista, ctx_fase_dia_Plena_Noite",desfecho_AltaGravidade,2,"Quando causa=Pedestre andava na pista E fase do dia=Plena Noite, entao alta gravidade. [Suporte: 0.6% | Confianca: 80.3% | Lift: 2.39]"
"frozenset({'ctx_tracado_via_Reta', 'ctx_tipo_acidente_Atropelamento_de_Pedestre', 'ctx_causa_acidente_Pedestre_andava_na_pista'})",frozenset({'desfecho_AltaGravidade'}),0.006373355263157895,0.33536184210526315,0.005098684210526316,0.8,2.3854830799411477,0.00296130404908241,"ctx_causa_acidente_Pedestre_andava_na_pista, ctx_tipo_acidente_Atropelamento_de_Pedestre, ctx_tracado_via_Reta",desfecho_AltaGravidade,3,"Quando causa=Pedestre andava na pista E tipo de acidente=Atropelamento de Pedestre E tracado da via=Reta, entao alta gravidade. [Suporte: 0.5% | Confianca: 80.0% | Lift: 2.39]"
"frozenset({'ctx_tipo_pista_Dupla', 'ctx_tipo_acidente_Atropelamento_de_Pedestre', 'ctx_fase_dia_Plena_Noite'})",frozenset({'desfecho_AltaGravidade'}),0.010855263157894738,0.33536184210526315,0.008675986842105262,0.7992424242424241,2.383224099751809,0.005035545792936287,"ctx_fase_dia_Plena_Noite, ctx_tipo_acidente_Atropelamento_de_Pedestre, ctx_tipo_pista_Dupla",desfecho_AltaGravidade,3,"Quando fase do dia=Plena Noite E tipo de acidente=Atropelamento de Pedestre E tipo de pista=Dupla, entao alta gravidade. [Suporte: 0.9% | Confianca: 79.9% | Lift: 2.38]"
"frozenset({'ctx_causa_acidente_Pedestre_andava_na_pista', 'ctx_uso_solo_Não'})",frozenset({'desfecho_AltaGravidade'}),0.007935855263157895,0.33536184210526315,0.006332236842105263,0.7979274611398963,2.3793030719620254,0.0036708538023718833,"ctx_causa_acidente_Pedestre_andava_na_pista, ctx_uso_solo_Não",desfecho_AltaGravidade,2,"Quando causa=Pedestre andava na pista E entorno=rural, entao alta gravidade. [Suporte: 0.6% | Confianca: 79.8% | Lift: 2.38]"
"frozenset({'ctx_fim_de_semana_Sim', 'ctx_tipo_acidente_Atropelamento_de_Pedestre', 'ctx_fase_dia_Plena_Noite'})",frozenset({'desfecho_AltaGravidade'}),0.008141447368421052,0.33536184210526315,0.006455592105263158,0.792929292929293,2.364399264840658,0.003725261318386427,"ctx_fase_dia_Plena_Noite, ctx_fim_de_semana_Sim, ctx_tipo_acidente_Atropelamento_de_Pedestre",desfecho_AltaGravidade,3,"Quando fase do dia=Plena Noite E fim de semana=Sim E tipo de acidente=Atropelamento de Pedestre, entao alta gravidade. [Suporte: 0.6% | Confianca: 79.3% | Lift: 2.36]"
"frozenset({'ctx_condicao_metereologica_Céu_Claro', 'ctx_tipo_acidente_Atropelamento_de_Pedestre', 'ctx_causa_acidente_Pedestre_andava_na_pista'})",frozenset({'desfecho_AltaGravidade'}),0.007853618421052632,0.33536184210526315,0.006167763157894737,0.7853403141361257,2.341770039209242,0.0035339592170186983,"ctx_causa_acidente_Pedestre_andava_na_pista, ctx_condicao_metereologica_Céu_Claro, ctx_tipo_acidente_Atropelamento_de_Pedestre",desfecho_AltaGravidade,3,"Quando causa=Pedestre andava na pista E clima=Céu Claro E tipo de acidente=Atropelamento de Pedestre, entao alta gravidade. [Suporte: 0.6% | Confianca: 78.5% | Lift: 2.34]"
"frozenset({'ctx_tipo_acidente_Atropelamento_de_Pedestre', 'ctx_causa_acidente_Pedestre_andava_na_pista'})",frozenset({'desfecho_AltaGravidade'}),0.011677631578947368,0.33536184210526315,0.009169407894736843,0.7852112676056339,2.3413852413154754,0.00525317585699446,"ctx_causa_acidente_Pedestre_andava_na_pista, ctx_tipo_acidente_Atropelamento_de_Pedestre",desfecho_AltaGravidade,2,"Quando causa=Pedestre andava na pista E tipo de acidente=Atropelamento de Pedestre, entao alta gravidade. [Suporte: 0.9% | Confianca: 78.5% | Lift: 2.34]"
"frozenset({'ctx_condicao_metereologica_Céu_Claro', 'ctx_tipo_acidente_Atropelamento_de_Pedestre', 'ctx_fase_dia_Plena_Noite'})",frozenset({'desfecho_AltaGravidade'}),0.017064144736842105,0.33536184210526315,0.013363486842105263,0.783132530120482,2.335186749942389,0.007640823829207064,"ctx_condicao_metereologica_Céu_Claro, ctx_fase_dia_Plena_Noite, ctx_tipo_acidente_Atropelamento_de_Pedestre",desfecho_AltaGravidade,3,"Quando clima=Céu Claro E fase do dia=Plena Noite E tipo de acidente=Atropelamento de Pedestre, entao alta gravidade. [Suporte: 1.3% | Confianca: 78.3% | Lift: 2.34]"
"frozenset({'ctx_fim_de_semana_Sim', 'ctx_tipo_acidente_Atropelamento_de_Pedestre', 'ctx_uso_solo_Não'})",frozenset({'desfecho_AltaGravidade'}),0.006620065789473684,0.33536184210526315,0.005180921052631579,0.7826086956521738,2.33362475211634,0.0029608035946156507,"ctx_fim_de_semana_Sim, ctx_tipo_acidente_Atropelamento_de_Pedestre, ctx_uso_solo_Não",desfecho_AltaGravidade,3,"Quando fim de semana=Sim E tipo de acidente=Atropelamento de Pedestre E entorno=rural, entao alta gravidade. [Suporte: 0.5% | Confianca: 78.3% | Lift: 2.33]"
"frozenset({'ctx_tracado_via_Reta', 'ctx_causa_acidente_Pedestre_andava_na_pista'})",frozenset({'desfecho_AltaGravidade'}),0.006784539473684211,0.33536184210526315,0.005304276315789474,0.7818181818181817,2.3312675553970306,0.0030290006600588643,"ctx_causa_acidente_Pedestre_andava_na_pista, ctx_tracado_via_Reta",desfecho_AltaGravidade,2,"Quando causa=Pedestre andava na pista E tracado da via=Reta, entao alta gravidade. [Suporte: 0.5% | Confianca: 78.2% | Lift: 2.33]"
"frozenset({'ctx_tipo_acidente_Atropelamento_de_Pedestre', 'ctx_fase_dia_Plena_Noite'})",frozenset({'desfecho_AltaGravidade'}),0.024629934210526314,0.33536184210526315,0.01924342105263158,0.7813021702838064,2.329728884416647,0.010983480944858034,"ctx_fase_dia_Plena_Noite, ctx_tipo_acidente_Atropelamento_de_Pedestre",desfecho_AltaGravidade,2,"Quando fase do dia=Plena Noite E tipo de acidente=Atropelamento de Pedestre, entao alta gravidade. [Suporte: 1.9% | Confianca: 78.1% | Lift: 2.33]"
"frozenset({'ctx_causa_acidente_Transitar_na_contramão', 'ctx_tipo_acidente_Colisão_frontal', 'ctx_fim_de_semana_Sim'})",frozenset({'desfecho_AltaGravidade'}),0.008963815789473684,0.33536184210526315,0.006949013157894737,0.7752293577981652,2.3116206451264563,0.003942891382444598,"ctx_causa_acidente_Transitar_na_contramão, ctx_fim_de_semana_Sim, ctx_tipo_acidente_Colisão_frontal",desfecho_AltaGravidade,3,"Quando causa=Transitar na contramão E fim de semana=Sim E tipo de acidente=Colisão frontal, entao alta gravidade. [Suporte: 0.7% | Confianca: 77.5% | Lift: 2.31]"
"frozenset({'ctx_tipo_pista_Simples', 'ctx_tipo_acidente_Atropelamento_de_Pedestre', 'ctx_uso_solo_Não'})",frozenset({'desfecho_AltaGravidade'}),0.011143092105263158,0.33536184210526315,0.00859375,0.7712177121771219,2.299658504186808,0.004856782104830333,"ctx_tipo_acidente_Atropelamento_de_Pedestre, ctx_tipo_pista_Simples, ctx_uso_solo_Não",desfecho_AltaGravidade,3,"Quando tipo de acidente=Atropelamento de Pedestre E tipo de pista=Simples E entorno=rural, entao alta gravidade. [Suporte: 0.9% | Confianca: 77.1% | Lift: 2.30]"
"frozenset({'ctx_causa_acidente_Transitar_na_contramão', 'ctx_tipo_acidente_Colisão_frontal', 'ctx_uso_solo_Não'})",frozenset({'desfecho_AltaGravidade'}),0.01763980263157895,0.33536184210526315,0.013569078947368422,0.7692307692307692,2.293733730712642,0.007653362242468837,"ctx_causa_acidente_Transitar_na_contramão, ctx_tipo_acidente_Colisão_frontal, ctx_uso_solo_Não",desfecho_AltaGravidade,3,"Quando causa=Transitar na contramão E tipo de acidente=Colisão frontal E entorno=rural, entao alta gravidade. [Suporte: 1.4% | Confianca: 76.9% | Lift: 2.29]"
"frozenset({'ctx_causa_acidente_Transitar_na_contramão', 'ctx_tipo_acidente_Colisão_frontal', 'ctx_fase_dia_Plena_Noite'})",frozenset({'desfecho_AltaGravidade'}),0.009251644736842105,0.33536184210526315,0.007113486842105264,0.768888888888889,2.292714293498992,0.004010838220654433,"ctx_causa_acidente_Transitar_na_contramão, ctx_fase_dia_Plena_Noite, ctx_tipo_acidente_Colisão_frontal",desfecho_AltaGravidade,3,"Quando causa=Transitar na contramão E fase do dia=Plena Noite E tipo de acidente=Colisão frontal, entao alta gravidade. [Suporte: 0.7% | Confianca: 76.9% | Lift: 2.29]"
frozenset({'ctx_causa_acidente_Pedestre_andava_na_pista'}),frozenset({'desfecho_AltaGravidade'}),0.012294407894736842,0.33536184210526315,0.009416118421052631,0.765886287625418,2.283760975361717,0.005293043141880194,ctx_causa_acidente_Pedestre_andava_na_pista,desfecho_AltaGravidade,1,"Quando causa=Pedestre andava na pista, entao alta gravidade. [Suporte: 0.9% | Confianca: 76.6% | Lift: 2.28]"
"frozenset({'ctx_condicao_metereologica_Céu_Claro', 'ctx_tipo_acidente_Atropelamento_de_Pedestre', 'ctx_uso_solo_Não'})",frozenset({'desfecho_AltaGravidade'}),0.014720394736842106,0.33536184210526315,0.011266447368421053,0.7653631284916201,2.282200991284478,0.006329788672957064,"ctx_condicao_metereologica_Céu_Claro, ctx_tipo_acidente_Atropelamento_de_Pedestre, ctx_uso_solo_Não",desfecho_AltaGravidade,3,"Quando clima=Céu Claro E tipo de acidente=Atropelamento de Pedestre E entorno=rural, entao alta gravidade. [Suporte: 1.1% | Confianca: 76.5% | Lift: 2.28]"
"frozenset({'ctx_tipo_acidente_Atropelamento_de_Pedestre', 'ctx_uso_solo_Não'})",frozenset({'desfecho_AltaGravidade'}),0.021792763157894735,0.33536184210526315,0.016529605263157894,0.7584905660377359,2.2617080144725032,0.009221144065962604,"ctx_tipo_acidente_Atropelamento_de_Pedestre, ctx_uso_solo_Não",desfecho_AltaGravidade,2,"Quando tipo de acidente=Atropelamento de Pedestre E entorno=rural, entao alta gravidade. [Suporte: 1.7% | Confianca: 75.8% | Lift: 2.26]"
"frozenset({'ctx_uso_solo_Não', 'ctx_tipo_acidente_Colisão_frontal', 'ctx_fase_dia_Plena_Noite'})",frozenset({'desfecho_AltaGravidade'}),0.019942434210526317,0.33536184210526315,0.01509046052631579,0.756701030927835,2.256371882315467,0.008402529053410664,"ctx_fase_dia_Plena_Noite, ctx_tipo_acidente_Colisão_frontal, ctx_uso_solo_Não",desfecho_AltaGravidade,3,"Quando fase do dia=Plena Noite E tipo de acidente=Colisão frontal E entorno=rural, entao alta gravidade. [Suporte: 1.5% | Confianca: 75.7% | Lift: 2.26]"
"frozenset({'ctx_tipo_pista_Dupla', 'ctx_tracado_via_Reta', 'ctx_tipo_acidente_Atropelamento_de_Pedestre'})",frozenset({'desfecho_AltaGravidade'}),0.012129934210526315,0.33536184210526315,0.009169407894736843,0.7559322033898306,2.254079350961339,0.005101490813279087,"ctx_tipo_acidente_Atropelamento_de_Pedestre, ctx_tipo_pista_Dupla, ctx_tracado_via_Reta",desfecho_AltaGravidade,3,"Quando tipo de acidente=Atropelamento de Pedestre E tipo de pista=Dupla E tracado da via=Reta, entao alta gravidade. [Suporte: 0.9% | Confianca: 75.6% | Lift: 2.25]"
"frozenset({'ctx_condicao_metereologica_Céu_Claro', 'ctx_tipo_acidente_Atropelamento_de_Pedestre', 'ctx_fim_de_semana_Sim'})",frozenset({'desfecho_AltaGravidade'}),0.009251644736842105,0.33536184210526315,0.0069901315789473685,0.7555555555555556,2.25295624216664,0.0038874829574965376,"ctx_condicao_metereologica_Céu_Claro, ctx_fim_de_semana_Sim, ctx_tipo_acidente_Atropelamento_de_Pedestre",desfecho_AltaGravidade,3,"Quando clima=Céu Claro E fim de semana=Sim E tipo de acidente=Atropelamento de Pedestre, entao alta gravidade. [Suporte: 0.7% | Confianca: 75.6% | Lift: 2.25]"
"frozenset({'ctx_fim_de_semana_Sim', 'ctx_causa_acidente_Transitar_na_contramão', 'ctx_uso_solo_Não'})",frozenset({'desfecho_AltaGravidade'}),0.010402960526315789,0.33536184210526315,0.007853618421052632,0.7549407114624507,2.25112286694051,0.0043648624155990315,"ctx_causa_acidente_Transitar_na_contramão, ctx_fim_de_semana_Sim, ctx_uso_solo_Não",desfecho_AltaGravidade,3,"Quando causa=Transitar na contramão E fim de semana=Sim E entorno=rural, entao alta gravidade. [Suporte: 0.8% | Confianca: 75.5% | Lift: 2.25]"
"frozenset({'ctx_tracado_via_Reta', 'ctx_tipo_acidente_Atropelamento_de_Pedestre', 'ctx_fim_de_semana_Sim'})",frozenset({'desfecho_AltaGravidade'}),0.007689144736842105,0.33536184210526315,0.0057976973684210524,0.7540106951871658,2.2483496943295576,0.0032190516252596953,"ctx_fim_de_semana_Sim, ctx_tipo_acidente_Atropelamento_de_Pedestre, ctx_tracado_via_Reta",desfecho_AltaGravidade,3,"Quando fim de semana=Sim E tipo de acidente=Atropelamento de Pedestre E tracado da via=Reta, entao alta gravidade. [Suporte: 0.6% | Confianca: 75.4% | Lift: 2.25]"
"frozenset({'ctx_tipo_pista_Simples', 'ctx_condicao_metereologica_Céu_Claro', 'ctx_tipo_acidente_Atropelamento_de_Pedestre'})",frozenset({'desfecho_AltaGravidade'}),0.014761513157894738,0.33536184210526315,0.011101973684210526,0.7520891364902507,2.2426198871313017,0.0061515254393178665,"ctx_condicao_metereologica_Céu_Claro, ctx_tipo_acidente_Atropelamento_de_Pedestre, ctx_tipo_pista_Simples",desfecho_AltaGravidade,3,"Quando clima=Céu Claro E tipo de acidente=Atropelamento de Pedestre E tipo de pista=Simples, entao alta gravidade. [Suporte: 1.1% | Confianca: 75.2% | Lift: 2.24]"
"frozenset({'ctx_tipo_pista_Simples', 'ctx_causa_acidente_Transitar_na_contramão', 'ctx_tipo_acidente_Colisão_frontal'})",frozenset({'desfecho_AltaGravidade'}),0.02006578947368421,0.33536184210526315,0.015049342105263158,0.75,2.236390387444826,0.008320041984072022,"ctx_causa_acidente_Transitar_na_contramão, ctx_tipo_acidente_Colisão_frontal, ctx_tipo_pista_Simples",desfecho_AltaGravidade,3,"Quando causa=Transitar na contramão E tipo de acidente=Colisão frontal E tipo de pista=Simples, entao alta gravidade. [Suporte: 1.5% | Confianca: 75.0% | Lift: 2.24]"
"frozenset({'ctx_tipo_acidente_Atropelamento_de_Pedestre', 'ctx_fim_de_semana_Sim'})",frozenset({'desfecho_AltaGravidade'}),0.013075657894736843,0.33536184210526315,0.009745065789473685,0.7452830188679246,2.2223250390961167,0.00535998907115651,"ctx_fim_de_semana_Sim, ctx_tipo_acidente_Atropelamento_de_Pedestre",desfecho_AltaGravidade,2,"Quando fim de semana=Sim E tipo de acidente=Atropelamento de Pedestre, entao alta gravidade. [Suporte: 1.0% | Confianca: 74.5% | Lift: 2.22]"
"frozenset({'ctx_causa_acidente_Transitar_na_contramão', 'ctx_tipo_acidente_Colisão_frontal'})",frozenset({'desfecho_AltaGravidade'}),0.022327302631578946,0.33536184210526315,0.016570723684210528,0.7421731123388583,2.213051752339509,0.009082998344442521,"ctx_causa_acidente_Transitar_na_contramão, ctx_tipo_acidente_Colisão_frontal",desfecho_AltaGravidade,2,"Quando causa=Transitar na contramão E tipo de acidente=Colisão frontal, entao alta gravidade. [Suporte: 1.7% | Confianca: 74.2% | Lift: 2.21]"
"frozenset({'ctx_tipo_pista_Dupla', 'ctx_tipo_acidente_Atropelamento_de_Pedestre'})",frozenset({'desfecho_AltaGravidade'}),0.021258223684210525,0.33536184210526315,0.015748355263157893,0.7408123791102514,2.2089942447230646,0.008619158208535318,"ctx_tipo_acidente_Atropelamento_de_Pedestre, ctx_tipo_pista_Dupla",desfecho_AltaGravidade,2,"Quando tipo de acidente=Atropelamento de Pedestre E tipo de pista=Dupla, entao alta gravidade. [Suporte: 1.6% | Confianca: 74.1% | Lift: 2.21]"
"frozenset({'ctx_condicao_metereologica_Céu_Claro', 'ctx_tracado_via_Reta', 'ctx_tipo_acidente_Atropelamento_de_Pedestre'})",frozenset({'desfecho_AltaGravidade'}),0.018379934210526316,0.33536184210526315,0.013569078947368422,0.738255033557047,2.20136861403965,0.007405150352752771,"ctx_condicao_metereologica_Céu_Claro, ctx_tipo_acidente_Atropelamento_de_Pedestre, ctx_tracado_via_Reta",desfecho_AltaGravidade,3,"Quando clima=Céu Claro E tipo de acidente=Atropelamento de Pedestre E tracado da via=Reta, entao alta gravidade. [Suporte: 1.4% | Confianca: 73.8% | Lift: 2.20]"
"frozenset({'ctx_tipo_pista_Simples', 'ctx_causa_acidente_Ultrapassagem_Indevida', 'ctx_tipo_acidente_Colisão_frontal'})",frozenset({'desfecho_AltaGravidade'}),0.007689144736842105,0.33536184210526315,0.005674342105263158,0.7379679144385027,2.200512466790631,0.003095696362101801,"ctx_causa_acidente_Ultrapassagem_Indevida, ctx_tipo_acidente_Colisão_frontal, ctx_tipo_pista_Simples",desfecho_AltaGravidade,3,"Quando causa=Ultrapassagem Indevida E tipo de acidente=Colisão frontal E tipo de pista=Simples, entao alta gravidade. [Suporte: 0.6% | Confianca: 73.8% | Lift: 2.20]"
"frozenset({'ctx_condicao_metereologica_Céu_Claro', 'ctx_tipo_acidente_Atropelamento_de_Pedestre'})",frozenset({'desfecho_AltaGravidade'}),0.03170230263157895,0.33536184210526315,0.023355263157894737,0.7367055771725032,2.196748361554105,0.012723520548389888,"ctx_condicao_metereologica_Céu_Claro, ctx_tipo_acidente_Atropelamento_de_Pedestre",desfecho_AltaGravidade,2,"Quando clima=Céu Claro E tipo de acidente=Atropelamento de Pedestre, entao alta gravidade. [Suporte: 2.3% | Confianca: 73.7% | Lift: 2.20]"
"frozenset({'ctx_tipo_pista_Simples', 'ctx_causa_acidente_Transitar_na_contramão', 'ctx_fim_de_semana_Sim'})",frozenset({'desfecho_AltaGravidade'}),0.011554276315789473,0.33536184210526315,0.008511513157894737,0.7366548042704627,2.1965969641806833,0.004636649768438366,"ctx_causa_acidente_Transitar_na_contramão, ctx_fim_de_semana_Sim, ctx_tipo_pista_Simples",desfecho_AltaGravidade,3,"Quando causa=Transitar na contramão E fim de semana=Sim E tipo de pista=Simples, entao alta gravidade. [Suporte: 0.9% | Confianca: 73.7% | Lift: 2.20]"
"frozenset({'ctx_causa_acidente_Ultrapassagem_Indevida', 'ctx_tipo_acidente_Colisão_frontal'})",frozenset({'desfecho_AltaGravidade'}),0.007935855263157895,0.33536184210526315,0.005838815789473684,0.7357512953367875,2.193902832588361,0.0031774327497403046,"ctx_causa_acidente_Ultrapassagem_Indevida, ctx_tipo_acidente_Colisão_frontal",desfecho_AltaGravidade,2,"Quando causa=Ultrapassagem Indevida E tipo de acidente=Colisão frontal, entao alta gravidade. [Suporte: 0.6% | Confianca: 73.6% | Lift: 2.19]"
"frozenset({'ctx_tipo_pista_Simples', 'ctx_tipo_acidente_Colisão_frontal', 'ctx_fase_dia_Plena_Noite'})",frozenset({'desfecho_AltaGravidade'}),0.022985197368421053,0.33536184210526315,0.016899671052631578,0.7352415026833631,2.1923827054020832,0.009191312922004848,"ctx_fase_dia_Plena_Noite, ctx_tipo_acidente_Colisão_frontal, ctx_tipo_pista_Simples",desfecho_AltaGravidade,3,"Quando fase do dia=Plena Noite E tipo de acidente=Colisão frontal E tipo de pista=Simples, entao alta gravidade. [Suporte: 1.7% | Confianca: 73.5% | Lift: 2.19]"
"frozenset({'ctx_fim_de_semana_Não', 'ctx_tipo_acidente_Colisão_frontal', 'ctx_fase_dia_Plena_Noite'})",frozenset({'desfecho_AltaGravidade'}),0.013445723684210526,0.33536184210526315,0.009868421052631578,0.7339449541284403,2.18851658710197,0.0053592383894563705,"ctx_fase_dia_Plena_Noite, ctx_fim_de_semana_Não, ctx_tipo_acidente_Colisão_frontal",desfecho_AltaGravidade,3,"Quando fase do dia=Plena Noite E fim de semana=Não E tipo de acidente=Colisão frontal, entao alta gravidade. [Suporte: 1.0% | Confianca: 73.4% | Lift: 2.19]"
"frozenset({'ctx_condicao_metereologica_Nublado', 'ctx_tipo_acidente_Colisão_frontal', 'ctx_uso_solo_Não'})",frozenset({'desfecho_AltaGravidade'}),0.008634868421052632,0.33536184210526315,0.006332236842105263,0.7333333333333333,2.1866928232793854,0.003436431462084487,"ctx_condicao_metereologica_Nublado, ctx_tipo_acidente_Colisão_frontal, ctx_uso_solo_Não",desfecho_AltaGravidade,3,"Quando clima=Nublado E tipo de acidente=Colisão frontal E entorno=rural, entao alta gravidade. [Suporte: 0.6% | Confianca: 73.3% | Lift: 2.19]"
"frozenset({'ctx_condicao_metereologica_Céu_Claro', 'ctx_tipo_acidente_Colisão_frontal', 'ctx_fase_dia_Plena_Noite'})",frozenset({'desfecho_AltaGravidade'}),0.01533717105263158,0.33536184210526315,0.011225328947368421,0.7319034852546916,2.1824292252812776,0.006081827010474377,"ctx_condicao_metereologica_Céu_Claro, ctx_fase_dia_Plena_Noite, ctx_tipo_acidente_Colisão_frontal",desfecho_AltaGravidade,3,"Quando clima=Céu Claro E fase do dia=Plena Noite E tipo de acidente=Colisão frontal, entao alta gravidade. [Suporte: 1.1% | Confianca: 73.2% | Lift: 2.18]"
"frozenset({'ctx_tipo_acidente_Atropelamento_de_Pedestre', 'ctx_causa_acidente_Entrada_inopinada_do_pedestre'})",frozenset({'desfecho_AltaGravidade'}),0.0078125,0.33536184210526315,0.00571546052631579,0.7315789473684211,2.181461500735655,0.0030954461348684215,"ctx_causa_acidente_Entrada_inopinada_do_pedestre, ctx_tipo_acidente_Atropelamento_de_Pedestre",desfecho_AltaGravidade,2,"Quando causa=Entrada inopinada do pedestre E tipo de acidente=Atropelamento de Pedestre, entao alta gravidade. [Suporte: 0.6% | Confianca: 73.2% | Lift: 2.18]"
"frozenset({'ctx_causa_acidente_Transitar_na_contramão', 'ctx_fim_de_semana_Sim'})",frozenset({'desfecho_AltaGravidade'}),0.012664473684210526,0.33536184210526315,0.009251644736842105,0.7305194805194805,2.178302325433272,0.005004463512811634,"ctx_causa_acidente_Transitar_na_contramão, ctx_fim_de_semana_Sim",desfecho_AltaGravidade,2,"Quando causa=Transitar na contramão E fim de semana=Sim, entao alta gravidade. [Suporte: 0.9% | Confianca: 73.1% | Lift: 2.18]"
"frozenset({'ctx_tracado_via_Reta', 'ctx_tipo_acidente_Atropelamento_de_Pedestre'})",frozenset({'desfecho_AltaGravidade'}),0.026233552631578946,0.33536184210526315,0.019161184210526316,0.7304075235109718,2.177968485996424,0.010363451675034628,"ctx_tipo_acidente_Atropelamento_de_Pedestre, ctx_tracado_via_Reta",desfecho_AltaGravidade,2,"Quando tipo de acidente=Atropelamento de Pedestre E tracado da via=Reta, entao alta gravidade. [Suporte: 1.9% | Confianca: 73.0% | Lift: 2.18]"
"frozenset({'ctx_fim_de_semana_Sim', 'ctx_tipo_acidente_Colisão_frontal', 'ctx_uso_solo_Não'})",frozenset({'desfecho_AltaGravidade'}),0.021258223684210525,0.33536184210526315,0.015460526315789473,0.7272727272727273,2.1686209817646795,0.008331329261166897,"ctx_fim_de_semana_Sim, ctx_tipo_acidente_Colisão_frontal, ctx_uso_solo_Não",desfecho_AltaGravidade,3,"Quando fim de semana=Sim E tipo de acidente=Colisão frontal E entorno=rural, entao alta gravidade. [Suporte: 1.5% | Confianca: 72.7% | Lift: 2.17]"
"frozenset({'ctx_tracado_via_Reta', 'ctx_tipo_acidente_Colisão_frontal', 'ctx_uso_solo_Não'})",frozenset({'desfecho_AltaGravidade'}),0.022820723684210526,0.33536184210526315,0.016570723684210528,0.7261261261261261,2.165201984721357,0.008917523751298478,"ctx_tipo_acidente_Colisão_frontal, ctx_tracado_via_Reta, ctx_uso_solo_Não",desfecho_AltaGravidade,3,"Quando tipo de acidente=Colisão frontal E tracado da via=Reta E entorno=rural, entao alta gravidade. [Suporte: 1.7% | Confianca: 72.6% | Lift: 2.17]"
"frozenset({'ctx_uso_solo_Não', 'ctx_causa_acidente_Transitar_na_contramão', 'ctx_fase_dia_Plena_Noite'})",frozenset({'desfecho_AltaGravidade'}),0.010361842105263157,0.33536184210526315,0.007483552631578947,0.7222222222222222,2.1535611138357584,0.004008586175554017,"ctx_causa_acidente_Transitar_na_contramão, ctx_fase_dia_Plena_Noite, ctx_uso_solo_Não",desfecho_AltaGravidade,3,"Quando causa=Transitar na contramão E fase do dia=Plena Noite E entorno=rural, entao alta gravidade. [Suporte: 0.7% | Confianca: 72.2% | Lift: 2.15]"
"frozenset({'ctx_tipo_acidente_Colisão_frontal', 'ctx_fase_dia_Plena_Noite'})",frozenset({'desfecho_AltaGravidade'}),0.025411184210526315,0.33536184210526315,0.018338815789473686,0.7216828478964402,2.1519527784258736,0.009816874242555404,"ctx_fase_dia_Plena_Noite, ctx_tipo_acidente_Colisão_frontal",desfecho_AltaGravidade,2,"Quando fase do dia=Plena Noite E tipo de acidente=Colisão frontal, entao alta gravidade. [Suporte: 1.8% | Confianca: 72.2% | Lift: 2.15]"
"frozenset({'ctx_tipo_pista_Simples', 'ctx_tipo_acidente_Atropelamento_de_Pedestre'})",frozenset({'desfecho_AltaGravidade'}),0.02183388157894737,0.33536184210526315,0.015748355263157893,0.7212806026365348,2.1507533418490103,0.008426104516533932,"ctx_tipo_acidente_Atropelamento_de_Pedestre, ctx_tipo_pista_Simples",desfecho_AltaGravidade,2,"Quando tipo de acidente=Atropelamento de Pedestre E tipo de pista=Simples, entao alta gravidade. [Suporte: 1.6% | Confianca: 72.1% | Lift: 2.15]"
frozenset({'ctx_causa_acidente_Entrada_inopinada_do_pedestre'}),frozenset({'desfecho_AltaGravidade'}),0.00810032894736842,0.33536184210526315,0.005838815789473684,0.7208121827411168,2.149356582180476,0.0031222745520256235,ctx_causa_acidente_Entrada_inopinada_do_pedestre,desfecho_AltaGravidade,1,"Quando causa=Entrada inopinada do pedestre, entao alta gravidade. [Suporte: 0.6% | Confianca: 72.1% | Lift: 2.15]"
frozenset({'ctx_tipo_acidente_Atropelamento_de_Pedestre'}),frozenset({'desfecho_AltaGravidade'}),0.04568256578947368,0.33536184210526315,0.03289473684210526,0.7200720072007201,2.1471494868957226,0.017574547426852494,ctx_tipo_acidente_Atropelamento_de_Pedestre,desfecho_AltaGravidade,1,"Quando tipo de acidente=Atropelamento de Pedestre, entao alta gravidade. [Suporte: 3.3% | Confianca: 72.0% | Lift: 2.15]"
"frozenset({'ctx_condicao_metereologica_Céu_Claro', 'ctx_tipo_acidente_Colisão_frontal', 'ctx_uso_solo_Não'})",frozenset({'desfecho_AltaGravidade'}),0.030057565789473686,0.33536184210526315,0.02158717105263158,0.7181942544459644,2.1415503026147444,0.011507010420273545,"ctx_condicao_metereologica_Céu_Claro, ctx_tipo_acidente_Colisão_frontal, ctx_uso_solo_Não",desfecho_AltaGravidade,3,"Quando clima=Céu Claro E tipo de acidente=Colisão frontal E entorno=rural, entao alta gravidade. [Suporte: 2.2% | Confianca: 71.8% | Lift: 2.14]"
"frozenset({'ctx_tipo_pista_Simples', 'ctx_tipo_acidente_Colisão_frontal', 'ctx_uso_solo_Não'})",frozenset({'desfecho_AltaGravidade'}),0.053248355263157895,0.33536184210526315,0.03799342105263158,0.7135135135135136,2.1275930172448074,0.020135954542503463,"ctx_tipo_acidente_Colisão_frontal, ctx_tipo_pista_Simples, ctx_uso_solo_Não",desfecho_AltaGravidade,3,"Quando tipo de acidente=Colisão frontal E tipo de pista=Simples E entorno=rural, entao alta gravidade. [Suporte: 3.8% | Confianca: 71.4% | Lift: 2.13]"
"frozenset({'ctx_tracado_via_Reta', 'ctx_tipo_acidente_Colisão_frontal', 'ctx_fim_de_semana_Sim'})",frozenset({'desfecho_AltaGravidade'}),0.0109375,0.33536184210526315,0.007771381578947368,0.7105263157894737,2.1186856302108876,0.004103361430921053,"ctx_fim_de_semana_Sim, ctx_tipo_acidente_Colisão_frontal, ctx_tracado_via_Reta",desfecho_AltaGravidade,3,"Quando fim de semana=Sim E tipo de acidente=Colisão frontal E tracado da via=Reta, entao alta gravidade. [Suporte: 0.8% | Confianca: 71.1% | Lift: 2.12]"
"frozenset({'ctx_tipo_pista_Simples', 'ctx_tipo_acidente_Colisão_frontal', 'ctx_fim_de_semana_Sim'})",frozenset({'desfecho_AltaGravidade'}),0.024342105263157894,0.33536184210526315,0.01722861842105263,0.7077702702702703,2.1104675052688786,0.009065205159279778,"ctx_fim_de_semana_Sim, ctx_tipo_acidente_Colisão_frontal, ctx_tipo_pista_Simples",desfecho_AltaGravidade,3,"Quando fim de semana=Sim E tipo de acidente=Colisão frontal E tipo de pista=Simples, entao alta gravidade. [Suporte: 1.7% | Confianca: 70.8% | Lift: 2.11]"
"frozenset({'ctx_tipo_pista_Simples', 'ctx_condicao_metereologica_Nublado', 'ctx_tipo_acidente_Colisão_frontal'})",frozenset({'desfecho_AltaGravidade'}),0.010814144736842106,0.33536184210526315,0.007648026315789474,0.7072243346007604,2.1088396048909384,0.004021374816049169,"ctx_condicao_metereologica_Nublado, ctx_tipo_acidente_Colisão_frontal, ctx_tipo_pista_Simples",desfecho_AltaGravidade,3,"Quando clima=Nublado E tipo de acidente=Colisão frontal E tipo de pista=Simples, entao alta gravidade. [Suporte: 0.8% | Confianca: 70.7% | Lift: 2.11]"
"frozenset({'ctx_tipo_acidente_Colisão_frontal', 'ctx_uso_solo_Não'})",frozenset({'desfecho_AltaGravidade'}),0.056578947368421055,0.33536184210526315,0.039925986842105264,0.7056686046511628,2.104200645551285,0.020951566828254848,"ctx_tipo_acidente_Colisão_frontal, ctx_uso_solo_Não",desfecho_AltaGravidade,2,"Quando tipo de acidente=Colisão frontal E entorno=rural, entao alta gravidade. [Suporte: 4.0% | Confianca: 70.6% | Lift: 2.10]"
"frozenset({'ctx_condicao_metereologica_Nublado', 'ctx_tipo_acidente_Colisão_frontal'})",frozenset({'desfecho_AltaGravidade'}),0.011389802631578948,0.33536184210526315,0.008018092105263159,0.703971119133574,2.0991389918254684,0.004198386913521469,"ctx_condicao_metereologica_Nublado, ctx_tipo_acidente_Colisão_frontal",desfecho_AltaGravidade,2,"Quando clima=Nublado E tipo de acidente=Colisão frontal, entao alta gravidade. [Suporte: 0.8% | Confianca: 70.4% | Lift: 2.10]"
"frozenset({'ctx_tipo_pista_Simples', 'ctx_causa_acidente_Transitar_na_contramão', 'ctx_fase_dia_Plena_Noite'})",frozenset({'desfecho_AltaGravidade'}),0.011143092105263158,0.33536184210526315,0.0078125,0.7011070110701108,2.090598640169825,0.0040755321048303325,"ctx_causa_acidente_Transitar_na_contramão, ctx_fase_dia_Plena_Noite, ctx_tipo_pista_Simples",desfecho_AltaGravidade,3,"Quando causa=Transitar na contramão E fase do dia=Plena Noite E tipo de pista=Simples, entao alta gravidade. [Suporte: 0.8% | Confianca: 70.1% | Lift: 2.09]"
"frozenset({'ctx_causa_acidente_Transitar_na_contramão', 'ctx_fase_dia_Plena_Noite'})",frozenset({'desfecho_AltaGravidade'}),0.01299342105263158,0.33536184210526315,0.00908717105263158,0.699367088607595,2.085410445676399,0.004729673433171745,"ctx_causa_acidente_Transitar_na_contramão, ctx_fase_dia_Plena_Noite",desfecho_AltaGravidade,2,"Quando causa=Transitar na contramão E fase do dia=Plena Noite, entao alta gravidade. [Suporte: 0.9% | Confianca: 69.9% | Lift: 2.09]"
"frozenset({'ctx_tipo_acidente_Colisão_frontal', 'ctx_fim_de_semana_Sim'})",frozenset({'desfecho_AltaGravidade'}),0.026192434210526316,0.33536184210526315,0.018256578947368422,0.6970172684458399,2.0784036253804348,0.009472635961305403,"ctx_fim_de_semana_Sim, ctx_tipo_acidente_Colisão_frontal",desfecho_AltaGravidade,2,"Quando fim de semana=Sim E tipo de acidente=Colisão frontal, entao alta gravidade. [Suporte: 1.8% | Confianca: 69.7% | Lift: 2.08]"
"frozenset({'ctx_tipo_pista_Simples', 'ctx_condicao_metereologica_Céu_Claro', 'ctx_tipo_acidente_Colisão_frontal'})",frozenset({'desfecho_AltaGravidade'}),0.034333881578947366,0.33536184210526315,0.02393092105263158,0.6970059880239522,2.078369988811,0.012416647279691832,"ctx_condicao_metereologica_Céu_Claro, ctx_tipo_acidente_Colisão_frontal, ctx_tipo_pista_Simples",desfecho_AltaGravidade,3,"Quando clima=Céu Claro E tipo de acidente=Colisão frontal E tipo de pista=Simples, entao alta gravidade. [Suporte: 2.4% | Confianca: 69.7% | Lift: 2.08]"
"frozenset({'ctx_tipo_pista_Simples', 'ctx_tracado_via_Reta', 'ctx_tipo_acidente_Colisão_frontal'})",frozenset({'desfecho_AltaGravidade'}),0.026932565789473683,0.33536184210526315,0.01870888157894737,0.6946564885496184,2.0713641247580576,0.009676726703168284,"ctx_tipo_acidente_Colisão_frontal, ctx_tipo_pista_Simples, ctx_tracado_via_Reta",desfecho_AltaGravidade,3,"Quando tipo de acidente=Colisão frontal E tipo de pista=Simples E tracado da via=Reta, entao alta gravidade. [Suporte: 1.9% | Confianca: 69.5% | Lift: 2.07]"
"frozenset({'ctx_causa_acidente_Transitar_na_contramão', 'ctx_tracado_via_Reta', 'ctx_uso_solo_Não'})",frozenset({'desfecho_AltaGravidade'}),0.011389802631578948,0.33536184210526315,0.007894736842105263,0.6931407942238267,2.0668445457973843,0.0040750316503635736,"ctx_causa_acidente_Transitar_na_contramão, ctx_tracado_via_Reta, ctx_uso_solo_Não",desfecho_AltaGravidade,3,"Quando causa=Transitar na contramão E tracado da via=Reta E entorno=rural, entao alta gravidade. [Suporte: 0.8% | Confianca: 69.3% | Lift: 2.07]"
"frozenset({'ctx_tipo_pista_Simples', 'ctx_causa_acidente_Transitar_na_contramão', 'ctx_uso_solo_Não'})",frozenset({'desfecho_AltaGravidade'}),0.024835526315789475,0.33536184210526315,0.017105263157894738,0.6887417218543047,2.05372715491622,0.00877637530297784,"ctx_causa_acidente_Transitar_na_contramão, ctx_tipo_pista_Simples, ctx_uso_solo_Não",desfecho_AltaGravidade,3,"Quando causa=Transitar na contramão E tipo de pista=Simples E entorno=rural, entao alta gravidade. [Suporte: 1.7% | Confianca: 68.9% | Lift: 2.05]"
"frozenset({'ctx_causa_acidente_Transitar_na_contramão', 'ctx_uso_solo_Não'})",frozenset({'desfecho_AltaGravidade'}),0.026891447368421053,0.33536184210526315,0.018421052631578946,0.6850152905198776,2.0426154812951722,0.00940268730522853,"ctx_causa_acidente_Transitar_na_contramão, ctx_uso_solo_Não",desfecho_AltaGravidade,2,"Quando causa=Transitar na contramão E entorno=rural, entao alta gravidade. [Suporte: 1.8% | Confianca: 68.5% | Lift: 2.04]"
"frozenset({'ctx_tipo_pista_Simples', 'ctx_tipo_acidente_Colisão_frontal'})",frozenset({'desfecho_AltaGravidade'}),0.06455592105263158,0.33536184210526315,0.04420230263157895,0.6847133757961783,2.04171521571396,0.022552710028566483,"ctx_tipo_acidente_Colisão_frontal, ctx_tipo_pista_Simples",desfecho_AltaGravidade,2,"Quando tipo de acidente=Colisão frontal E tipo de pista=Simples, entao alta gravidade. [Suporte: 4.4% | Confianca: 68.5% | Lift: 2.04]"
"frozenset({'ctx_tracado_via_Reta', 'ctx_tipo_acidente_Colisão_frontal'})",frozenset({'desfecho_AltaGravidade'}),0.02923519736842105,0.33536184210526315,0.019942434210526317,0.6821378340365682,2.0340353266024205,0.010138064566741692,"ctx_tipo_acidente_Colisão_frontal, ctx_tracado_via_Reta",desfecho_AltaGravidade,2,"Quando tipo de acidente=Colisão frontal E tracado da via=Reta, entao alta gravidade. [Suporte: 2.0% | Confianca: 68.2% | Lift: 2.03]"
"frozenset({'ctx_condicao_metereologica_Céu_Claro', 'ctx_tipo_acidente_Colisão_frontal'})",frozenset({'desfecho_AltaGravidade'}),0.037623355263157895,0.33536184210526315,0.025657894736842105,0.6819672131147541,2.0335265599498307,0.013040457009608725,"ctx_condicao_metereologica_Céu_Claro, ctx_tipo_acidente_Colisão_frontal",desfecho_AltaGravidade,2,"Quando clima=Céu Claro E tipo de acidente=Colisão frontal, entao alta gravidade. [Suporte: 2.6% | Confianca: 68.2% | Lift: 2.03]"
"frozenset({'ctx_tracado_via_Curva', 'ctx_causa_acidente_Transitar_na_contramão'})",frozenset({'desfecho_AltaGravidade'}),0.007771381578947368,0.33536184210526315,0.005263157894736842,0.6772486772486772,2.0194565756115535,0.002656933052718144,"ctx_causa_acidente_Transitar_na_contramão, ctx_tracado_via_Curva",desfecho_AltaGravidade,2,"Quando causa=Transitar na contramão E tracado da via=Curva, entao alta gravidade. [Suporte: 0.5% | Confianca: 67.7% | Lift: 2.02]"
frozenset({'ctx_tipo_acidente_Colisão_frontal'}),frozenset({'desfecho_AltaGravidade'}),0.0694078947368421,0.33536184210526315,0.04691611842105263,0.6759478672985783,2.0155777504538284,0.023639358985457066,ctx_tipo_acidente_Colisão_frontal,desfecho_AltaGravidade,1,"Quando tipo de acidente=Colisão frontal, entao alta gravidade. [Suporte: 4.7% | Confianca: 67.6% | Lift: 2.02]"
"frozenset({'ctx_tipo_pista_Simples', 'ctx_causa_acidente_Transitar_na_contramão'})",frozenset({'desfecho_AltaGravidade'}),0.030592105263157896,0.33536184210526315,0.020189144736842104,0.6599462365591398,1.9678632262283324,0.009929719961911356,"ctx_causa_acidente_Transitar_na_contramão, ctx_tipo_pista_Simples",desfecho_AltaGravidade,2,"Quando causa=Transitar na contramão E tipo de pista=Simples, entao alta gravidade. [Suporte: 2.0% | Confianca: 66.0% | Lift: 1.97]"
frozenset({'ctx_causa_acidente_Transitar_na_contramão'}),frozenset({'desfecho_AltaGravidade'}),0.033675986842105265,0.33536184210526315,0.022039473684210525,0.6544566544566544,1.951494094701549,0.0107458327021295,ctx_causa_acidente_Transitar_na_contramão,desfecho_AltaGravidade,1,"Quando causa=Transitar na contramão, entao alta gravidade. [Suporte: 2.2% | Confianca: 65.4% | Lift: 1.95]"
frozenset({'ctx_causa_acidente_Pedestre_cruzava_a_pista_fora_da_faixa'}),frozenset({'desfecho_AltaGravidade'}),0.00810032894736842,0.33536184210526315,0.005263157894736842,0.6497461928934011,1.9374481867542317,0.0025466166572887814,ctx_causa_acidente_Pedestre_cruzava_a_pista_fora_da_faixa,desfecho_AltaGravidade,1,"Quando causa=Pedestre cruzava a pista fora da faixa, entao alta gravidade. [Suporte: 0.5% | Confianca: 65.0% | Lift: 1.94]"
"frozenset({'ctx_tipo_pista_Simples', 'ctx_causa_acidente_Ultrapassagem_Indevida', 'ctx_uso_solo_Não'})",frozenset({'desfecho_AltaGravidade'}),0.01566611842105263,0.33536184210526315,0.008470394736842106,0.5406824146981628,1.6122359398552377,0.0032165764045186994,"ctx_causa_acidente_Ultrapassagem_Indevida, ctx_tipo_pista_Simples, ctx_uso_solo_Não",desfecho_AltaGravidade,3,"Quando causa=Ultrapassagem Indevida E tipo de pista=Simples E entorno=rural, entao alta gravidade. [Suporte: 0.8% | Confianca: 54.1% | Lift: 1.61]"
"frozenset({'ctx_tipo_pista_Simples', 'ctx_causa_acidente_Ultrapassagem_Indevida', 'ctx_tracado_via_Reta'})",frozenset({'desfecho_AltaGravidade'}),0.010115131578947369,0.33536184210526315,0.005427631578947369,0.5365853658536586,1.600019138984916,0.0020354024194944604,"ctx_causa_acidente_Ultrapassagem_Indevida, ctx_tipo_pista_Simples, ctx_tracado_via_Reta",desfecho_AltaGravidade,3,"Quando causa=Ultrapassagem Indevida E tipo de pista=Simples E tracado da via=Reta, entao alta gravidade. [Suporte: 0.5% | Confianca: 53.7% | Lift: 1.60]"
"frozenset({'ctx_causa_acidente_Ultrapassagem_Indevida', 'ctx_uso_solo_Não'})",frozenset({'desfecho_AltaGravidade'}),0.01698190789473684,0.33536184210526315,0.008922697368421053,0.5254237288135594,1.566736768605415,0.003227613454380194,"ctx_causa_acidente_Ultrapassagem_Indevida, ctx_uso_solo_Não",desfecho_AltaGravidade,2,"Quando causa=Ultrapassagem Indevida E entorno=rural, entao alta gravidade. [Suporte: 0.9% | Confianca: 52.5% | Lift: 1.57]"
"frozenset({'ctx_causa_acidente_Ultrapassagem_Indevida', 'ctx_tracado_via_Reta'})",frozenset({'desfecho_AltaGravidade'}),0.011595394736842105,0.33536184210526315,0.00600328947368421,0.5177304964539007,1.5437966740753881,0.002114636534799169,"ctx_causa_acidente_Ultrapassagem_Indevida, ctx_tracado_via_Reta",desfecho_AltaGravidade,2,"Quando causa=Ultrapassagem Indevida E tracado da via=Reta, entao alta gravidade. [Suporte: 0.6% | Confianca: 51.8% | Lift: 1.54]"
"frozenset({'ctx_tipo_pista_Simples', 'ctx_causa_acidente_Ultrapassagem_Indevida'})",frozenset({'desfecho_AltaGravidade'}),0.01957236842105263,0.33536184210526315,0.010115131578947369,0.5168067226890757,1.5410421157182836,0.0035513060509002776,"ctx_causa_acidente_Ultrapassagem_Indevida, ctx_tipo_pista_Simples",desfecho_AltaGravidade,2,"Quando causa=Ultrapassagem Indevida E tipo de pista=Simples, entao alta gravidade. [Suporte: 1.0% | Confianca: 51.7% | Lift: 1.54]"
frozenset({'ctx_causa_acidente_Ultrapassagem_Indevida'}),frozenset({'desfecho_AltaGravidade'}),0.022327302631578946,0.33536184210526315,0.01118421052631579,0.5009208103130756,1.4936726467403136,0.0036964851865477844,ctx_causa_acidente_Ultrapassagem_Indevida,desfecho_AltaGravidade,1,"Quando causa=Ultrapassagem Indevida, entao alta gravidade. [Suporte: 1.1% | Confianca: 50.1% | Lift: 1.49]"
"frozenset({'ctx_tipo_pista_Simples', 'ctx_fase_dia_Amanhecer', 'ctx_tracado_via_Reta'})",frozenset({'desfecho_AltaGravidade'}),0.010526315789473684,0.33536184210526315,0.00522203947368421,0.49609375,1.4792790583619422,0.0016919148199445984,"ctx_fase_dia_Amanhecer, ctx_tipo_pista_Simples, ctx_tracado_via_Reta",desfecho_AltaGravidade,3,"Quando fase do dia=Amanhecer E tipo de pista=Simples E tracado da via=Reta, entao alta gravidade. [Suporte: 0.5% | Confianca: 49.6% | Lift: 1.48]"
"frozenset({'ctx_uso_solo_Não', 'ctx_causa_acidente_Acessar_a_via_sem_observar_a_presença_dos_outros_veículos', 'ctx_fase_dia_Plena_Noite'})",frozenset({'desfecho_AltaGravidade'}),0.010855263157894738,0.33536184210526315,0.005304276315789474,0.4886363636363636,1.457042222123144,0.0016638352666204985,"ctx_causa_acidente_Acessar_a_via_sem_observar_a_presença_dos_outros_veículos, ctx_fase_dia_Plena_Noite, ctx_uso_solo_Não",desfecho_AltaGravidade,3,"Quando causa=Acessar a via sem observar a presença dos outros veículos E fase do dia=Plena Noite E entorno=rural, entao alta gravidade. [Suporte: 0.5% | Confianca: 48.9% | Lift: 1.46]"
"frozenset({'ctx_tipo_pista_Simples', 'ctx_fim_de_semana_Sim', 'ctx_fase_dia_Plena_Noite'})",frozenset({'desfecho_AltaGravidade'}),0.06447368421052632,0.33536184210526315,0.030592105263157896,0.4744897959183673,1.4148592247099918,0.00897009175900277,"ctx_fase_dia_Plena_Noite, ctx_fim_de_semana_Sim, ctx_tipo_pista_Simples",desfecho_AltaGravidade,3,"Quando fase do dia=Plena Noite E fim de semana=Sim E tipo de pista=Simples, entao alta gravidade. [Suporte: 3.1% | Confianca: 47.4% | Lift: 1.41]"
"frozenset({'ctx_tipo_pista_Simples', 'ctx_tracado_via_Reta', 'ctx_fase_dia_Plena_Noite'})",frozenset({'desfecho_AltaGravidade'}),0.0733141447368421,0.33536184210526315,0.03466282894736842,0.4727986539540101,1.4098164865328011,0.01007606231604917,"ctx_fase_dia_Plena_Noite, ctx_tipo_pista_Simples, ctx_tracado_via_Reta",desfecho_AltaGravidade,3,"Quando fase do dia=Plena Noite E tipo de pista=Simples E tracado da via=Reta, entao alta gravidade. [Suporte: 3.5% | Confianca: 47.3% | Lift: 1.41]"
"frozenset({'ctx_tipo_pista_Simples', 'ctx_condicao_metereologica_Céu_Claro', 'ctx_fase_dia_Plena_Noite'})",frozenset({'desfecho_AltaGravidade'}),0.10234375,0.33536184210526315,0.04765625,0.46564885496183206,1.388496830881775,0.013334061472039471,"ctx_condicao_metereologica_Céu_Claro, ctx_fase_dia_Plena_Noite, ctx_tipo_pista_Simples",desfecho_AltaGravidade,3,"Quando clima=Céu Claro E fase do dia=Plena Noite E tipo de pista=Simples, entao alta gravidade. [Suporte: 4.8% | Confianca: 46.6% | Lift: 1.39]"
"frozenset({'ctx_tipo_pista_Simples', 'ctx_fase_dia_Amanhecer'})",frozenset({'desfecho_AltaGravidade'}),0.026151315789473686,0.33536184210526315,0.012129934210526315,0.46383647798742134,1.3830925876231102,0.003359780773891966,"ctx_fase_dia_Amanhecer, ctx_tipo_pista_Simples",desfecho_AltaGravidade,2,"Quando fase do dia=Amanhecer E tipo de pista=Simples, entao alta gravidade. [Suporte: 1.2% | Confianca: 46.4% | Lift: 1.38]"
"frozenset({'ctx_tipo_pista_Simples', 'ctx_tipo_acidente_Colisão_lateral_sentido_oposto', 'ctx_tracado_via_Reta'})",frozenset({'desfecho_AltaGravidade'}),0.0109375,0.33536184210526315,0.005057565789473684,0.46240601503759404,1.3788271561689907,0.001389545641447369,"ctx_tipo_acidente_Colisão_lateral_sentido_oposto, ctx_tipo_pista_Simples, ctx_tracado_via_Reta",desfecho_AltaGravidade,3,"Quando tipo de acidente=Colisão lateral sentido oposto E tipo de pista=Simples E tracado da via=Reta, entao alta gravidade. [Suporte: 0.5% | Confianca: 46.2% | Lift: 1.38]"
"frozenset({'ctx_condicao_metereologica_Céu_Claro', 'ctx_causa_acidente_Acessar_a_via_sem_observar_a_presença_dos_outros_veículos', 'ctx_fase_dia_Plena_Noite'})",frozenset({'desfecho_AltaGravidade'}),0.014309210526315789,0.33536184210526315,0.006578947368421052,0.45977011494252873,1.3709672873224987,0.0017801841672437672,"ctx_causa_acidente_Acessar_a_via_sem_observar_a_presença_dos_outros_veículos, ctx_condicao_metereologica_Céu_Claro, ctx_fase_dia_Plena_Noite",desfecho_AltaGravidade,3,"Quando causa=Acessar a via sem observar a presença dos outros veículos E clima=Céu Claro E fase do dia=Plena Noite, entao alta gravidade. [Suporte: 0.7% | Confianca: 46.0% | Lift: 1.37]"
"frozenset({'ctx_tipo_pista_Simples', 'ctx_tipo_acidente_Colisão_lateral_sentido_oposto', 'ctx_uso_solo_Não'})",frozenset({'desfecho_AltaGravidade'}),0.02528782894736842,0.33536184210526315,0.011595394736842105,0.4585365853658536,1.367289082405292,0.0031148218382098334,"ctx_tipo_acidente_Colisão_lateral_sentido_oposto, ctx_tipo_pista_Simples, ctx_uso_solo_Não",desfecho_AltaGravidade,3,"Quando tipo de acidente=Colisão lateral sentido oposto E tipo de pista=Simples E entorno=rural, entao alta gravidade. [Suporte: 1.2% | Confianca: 45.9% | Lift: 1.37]"
"frozenset({'ctx_tipo_pista_Simples', 'ctx_uso_solo_Não', 'ctx_fase_dia_Plena_Noite'})",frozenset({'desfecho_AltaGravidade'}),0.12520559210526316,0.33536184210526315,0.05731907894736842,0.457799671592775,1.3650917132339735,0.015329900937067174,"ctx_fase_dia_Plena_Noite, ctx_tipo_pista_Simples, ctx_uso_solo_Não",desfecho_AltaGravidade,3,"Quando fase do dia=Plena Noite E tipo de pista=Simples E entorno=rural, entao alta gravidade. [Suporte: 5.7% | Confianca: 45.8% | Lift: 1.37]"
"frozenset({'ctx_tipo_pista_Simples', 'ctx_causa_acidente_Acessar_a_via_sem_observar_a_presença_dos_outros_veículos', 'ctx_fase_dia_Plena_Noite'})",frozenset({'desfecho_AltaGravidade'}),0.014555921052631579,0.33536184210526315,0.006661184210526316,0.4576271186440678,1.3645771855595548,0.0017796837127770082,"ctx_causa_acidente_Acessar_a_via_sem_observar_a_presença_dos_outros_veículos, ctx_fase_dia_Plena_Noite, ctx_tipo_pista_Simples",desfecho_AltaGravidade,3,"Quando causa=Acessar a via sem observar a presença dos outros veículos E fase do dia=Plena Noite E tipo de pista=Simples, entao alta gravidade. [Suporte: 0.7% | Confianca: 45.8% | Lift: 1.36]"
"frozenset({'ctx_causa_acidente_Acessar_a_via_sem_observar_a_presença_dos_outros_veículos', 'ctx_fase_dia_Plena_Noite'})",frozenset({'desfecho_AltaGravidade'}),0.02035361842105263,0.33536184210526315,0.009292763157894736,0.45656565656565656,1.3614120607744933,0.0024669361907029086,"ctx_causa_acidente_Acessar_a_via_sem_observar_a_presença_dos_outros_veículos, ctx_fase_dia_Plena_Noite",desfecho_AltaGravidade,2,"Quando causa=Acessar a via sem observar a presença dos outros veículos E fase do dia=Plena Noite, entao alta gravidade. [Suporte: 0.9% | Confianca: 45.7% | Lift: 1.36]"
"frozenset({'ctx_tipo_acidente_Colisão_lateral_sentido_oposto', 'ctx_uso_solo_Não'})",frozenset({'desfecho_AltaGravidade'}),0.02598684210526316,0.33536184210526315,0.011842105263157895,0.45569620253164556,1.3588194759158436,0.0031271100242382267,"ctx_tipo_acidente_Colisão_lateral_sentido_oposto, ctx_uso_solo_Não",desfecho_AltaGravidade,2,"Quando tipo de acidente=Colisão lateral sentido oposto E entorno=rural, entao alta gravidade. [Suporte: 1.2% | Confianca: 45.6% | Lift: 1.36]"
"frozenset({'ctx_tipo_pista_Simples', 'ctx_fase_dia_Plena_Noite'})",frozenset({'desfecho_AltaGravidade'}),0.16500822368421053,0.33536184210526315,0.07479440789473685,0.45327685023673064,1.3516053209609231,0.019456946037482693,"ctx_fase_dia_Plena_Noite, ctx_tipo_pista_Simples",desfecho_AltaGravidade,2,"Quando fase do dia=Plena Noite E tipo de pista=Simples, entao alta gravidade. [Suporte: 7.5% | Confianca: 45.3% | Lift: 1.35]"
"frozenset({'ctx_tipo_pista_Simples', 'ctx_tracado_via_Curva;Declive', 'ctx_condicao_metereologica_Céu_Claro'})",frozenset({'desfecho_AltaGravidade'}),0.01171875,0.33536184210526315,0.005304276315789474,0.45263157894736844,1.3496812162824916,0.001374254728618421,"ctx_condicao_metereologica_Céu_Claro, ctx_tipo_pista_Simples, ctx_tracado_via_Curva;Declive",desfecho_AltaGravidade,3,"Quando clima=Céu Claro E tipo de pista=Simples E tracado da via=Curva;Declive, entao alta gravidade. [Suporte: 0.5% | Confianca: 45.3% | Lift: 1.35]"
"frozenset({'ctx_tipo_acidente_Colisão_lateral_sentido_oposto', 'ctx_tracado_via_Reta'})",frozenset({'desfecho_AltaGravidade'}),0.011554276315789473,0.33536184210526315,0.00522203947368421,0.45195729537366547,1.3476706012123032,0.0013471760842278394,"ctx_tipo_acidente_Colisão_lateral_sentido_oposto, ctx_tracado_via_Reta",desfecho_AltaGravidade,2,"Quando tipo de acidente=Colisão lateral sentido oposto E tracado da via=Reta, entao alta gravidade. [Suporte: 0.5% | Confianca: 45.2% | Lift: 1.35]"
"frozenset({'ctx_tipo_pista_Simples', 'ctx_causa_acidente_Velocidade_Incompatível', 'ctx_fim_de_semana_Sim'})",frozenset({'desfecho_AltaGravidade'}),0.022286184210526316,0.33536184210526315,0.010032894736842105,0.45018450184501846,1.3423843900037824,0.0025589589465027703,"ctx_causa_acidente_Velocidade_Incompatível, ctx_fim_de_semana_Sim, ctx_tipo_pista_Simples",desfecho_AltaGravidade,3,"Quando causa=Velocidade Incompatível E fim de semana=Sim E tipo de pista=Simples, entao alta gravidade. [Suporte: 1.0% | Confianca: 45.0% | Lift: 1.34]"
"frozenset({'ctx_tipo_acidente_Colisão_transversal', 'ctx_fim_de_semana_Não', 'ctx_uso_solo_Não'})",frozenset({'desfecho_AltaGravidade'}),0.03396381578947368,0.33536184210526315,0.015172697368421053,0.44673123486682814,1.3320872525700418,0.0037825295403393355,"ctx_fim_de_semana_Não, ctx_tipo_acidente_Colisão_transversal, ctx_uso_solo_Não",desfecho_AltaGravidade,3,"Quando fim de semana=Não E tipo de acidente=Colisão transversal E entorno=rural, entao alta gravidade. [Suporte: 1.5% | Confianca: 44.7% | Lift: 1.33]"
"frozenset({'ctx_tipo_pista_Simples', 'ctx_tipo_acidente_Colisão_lateral_sentido_oposto'})",frozenset({'desfecho_AltaGravidade'}),0.028536184210526314,0.33536184210526315,0.01274671052631579,0.44668587896253603,1.3319520078922114,0.0031767632228185596,"ctx_tipo_acidente_Colisão_lateral_sentido_oposto, ctx_tipo_pista_Simples",desfecho_AltaGravidade,2,"Quando tipo de acidente=Colisão lateral sentido oposto E tipo de pista=Simples, entao alta gravidade. [Suporte: 1.3% | Confianca: 44.7% | Lift: 1.33]"
"frozenset({'ctx_tipo_pista_Simples', 'ctx_fase_dia_Anoitecer', 'ctx_uso_solo_Não'})",frozenset({'desfecho_AltaGravidade'}),0.020230263157894737,0.33536184210526315,0.008963815789473684,0.44308943089430897,1.321227925373908,0.0021793574705678675,"ctx_fase_dia_Anoitecer, ctx_tipo_pista_Simples, ctx_uso_solo_Não",desfecho_AltaGravidade,3,"Quando fase do dia=Anoitecer E tipo de pista=Simples E entorno=rural, entao alta gravidade. [Suporte: 0.9% | Confianca: 44.3% | Lift: 1.32]"
"frozenset({'ctx_tipo_pista_Simples', 'ctx_fim_de_semana_Não', 'ctx_tracado_via_Reta;Declive'})",frozenset({'desfecho_AltaGravidade'}),0.011513157894736841,0.33536184210526315,0.005098684210526316,0.4428571428571429,1.3205352763959926,0.0012376103704986154,"ctx_fim_de_semana_Não, ctx_tipo_pista_Simples, ctx_tracado_via_Reta;Declive",desfecho_AltaGravidade,3,"Quando fim de semana=Não E tipo de pista=Simples E tracado da via=Reta;Declive, entao alta gravidade. [Suporte: 0.5% | Confianca: 44.3% | Lift: 1.32]"
"frozenset({'ctx_tipo_acidente_Colisão_transversal', 'ctx_fase_dia_Plena_Noite', 'ctx_uso_solo_Não'})",frozenset({'desfecho_AltaGravidade'}),0.012952302631578948,0.33536184210526315,0.00571546052631579,0.4412698412698413,1.315802175046903,0.0013717524562846268,"ctx_fase_dia_Plena_Noite, ctx_tipo_acidente_Colisão_transversal, ctx_uso_solo_Não",desfecho_AltaGravidade,3,"Quando fase do dia=Plena Noite E tipo de acidente=Colisão transversal E entorno=rural, entao alta gravidade. [Suporte: 0.6% | Confianca: 44.1% | Lift: 1.32]"
"frozenset({'ctx_tipo_acidente_Colisão_transversal', 'ctx_condicao_metereologica_Céu_Claro', 'ctx_fase_dia_Plena_Noite'})",frozenset({'desfecho_AltaGravidade'}),0.018544407894736843,0.33536184210526315,0.008182565789473684,0.44124168514412415,1.3157182175950344,0.001963478997143351,"ctx_condicao_metereologica_Céu_Claro, ctx_fase_dia_Plena_Noite, ctx_tipo_acidente_Colisão_transversal",desfecho_AltaGravidade,3,"Quando clima=Céu Claro E fase do dia=Plena Noite E tipo de acidente=Colisão transversal, entao alta gravidade. [Suporte: 0.8% | Confianca: 44.1% | Lift: 1.32]"
"frozenset({'ctx_fase_dia_Amanhecer', 'ctx_tracado_via_Reta', 'ctx_uso_solo_Não'})",frozenset({'desfecho_AltaGravidade'}),0.01537828947368421,0.33536184210526315,0.006784539473684211,0.44117647058823534,1.3155237573204859,0.0016272479873614965,"ctx_fase_dia_Amanhecer, ctx_tracado_via_Reta, ctx_uso_solo_Não",desfecho_AltaGravidade,3,"Quando fase do dia=Amanhecer E tracado da via=Reta E entorno=rural, entao alta gravidade. [Suporte: 0.7% | Confianca: 44.1% | Lift: 1.32]"
"frozenset({'ctx_tipo_pista_Simples', 'ctx_tracado_via_Reta', 'ctx_fim_de_semana_Sim'})",frozenset({'desfecho_AltaGravidade'}),0.07166940789473684,0.33536184210526315,0.031578947368421054,0.4406196213425129,1.3138633142533,0.007543762714248614,"ctx_fim_de_semana_Sim, ctx_tipo_pista_Simples, ctx_tracado_via_Reta",desfecho_AltaGravidade,3,"Quando fim de semana=Sim E tipo de pista=Simples E tracado da via=Reta, entao alta gravidade. [Suporte: 3.2% | Confianca: 44.1% | Lift: 1.31]"
"frozenset({'ctx_tipo_acidente_Colisão_transversal', 'ctx_condicao_metereologica_Céu_Claro', 'ctx_uso_solo_Não'})",frozenset({'desfecho_AltaGravidade'}),0.033717105263157895,0.33536184210526315,0.01484375,0.44024390243902434,1.3127429753944424,0.0035363194684903034,"ctx_condicao_metereologica_Céu_Claro, ctx_tipo_acidente_Colisão_transversal, ctx_uso_solo_Não",desfecho_AltaGravidade,3,"Quando clima=Céu Claro E tipo de acidente=Colisão transversal E entorno=rural, entao alta gravidade. [Suporte: 1.5% | Confianca: 44.0% | Lift: 1.31]"
frozenset({'ctx_tipo_acidente_Colisão_lateral_sentido_oposto'}),frozenset({'desfecho_AltaGravidade'}),0.02989309210526316,0.33536184210526315,0.013116776315789473,0.4387895460797799,1.3084062972854642,0.0030917738811461204,ctx_tipo_acidente_Colisão_lateral_sentido_oposto,desfecho_AltaGravidade,1,"Quando tipo de acidente=Colisão lateral sentido oposto, entao alta gravidade. [Suporte: 1.3% | Confianca: 43.9% | Lift: 1.31]"
"frozenset({'ctx_tipo_pista_Simples', 'ctx_tracado_via_Curva;Declive', 'ctx_uso_solo_Não'})",frozenset({'desfecho_AltaGravidade'}),0.022779605263157896,0.33536184210526315,0.009991776315789474,0.4386281588447653,1.3079250641374072,0.002352365932306094,"ctx_tipo_pista_Simples, ctx_tracado_via_Curva;Declive, ctx_uso_solo_Não",desfecho_AltaGravidade,3,"Quando tipo de pista=Simples E tracado da via=Curva;Declive E entorno=rural, entao alta gravidade. [Suporte: 1.0% | Confianca: 43.9% | Lift: 1.31]"
"frozenset({'ctx_tipo_pista_Simples', 'ctx_tracado_via_Curva;Declive'})",frozenset({'desfecho_AltaGravidade'}),0.024095394736842104,0.33536184210526315,0.010567434210526316,0.4385665529010239,1.3077413642168836,0.002486758245325486,"ctx_tipo_pista_Simples, ctx_tracado_via_Curva;Declive",desfecho_AltaGravidade,2,"Quando tipo de pista=Simples E tracado da via=Curva;Declive, entao alta gravidade. [Suporte: 1.1% | Confianca: 43.9% | Lift: 1.31]"
"frozenset({'ctx_tipo_acidente_Colisão_transversal', 'ctx_uso_solo_Não'})",frozenset({'desfecho_AltaGravidade'}),0.04975328947368421,0.33536184210526315,0.021710526315789475,0.4363636363636364,1.301172589058808,0.005025171507098341,"ctx_tipo_acidente_Colisão_transversal, ctx_uso_solo_Não",desfecho_AltaGravidade,2,"Quando tipo de acidente=Colisão transversal E entorno=rural, entao alta gravidade. [Suporte: 2.2% | Confianca: 43.6% | Lift: 1.30]"
frozenset({'ctx_condicao_metereologica_Ignorado'}),frozenset({'desfecho_AltaGravidade'}),0.013240131578947368,0.33536184210526315,0.005756578947368421,0.43478260869565216,1.2964581956201888,0.001316344031336565,ctx_condicao_metereologica_Ignorado,desfecho_AltaGravidade,1,"Quando clima=Ignorado, entao alta gravidade. [Suporte: 0.6% | Confianca: 43.5% | Lift: 1.30]"
"frozenset({'ctx_tipo_pista_Simples', 'ctx_tracado_via_Declive;Reta'})",frozenset({'desfecho_AltaGravidade'}),0.012623355263157894,0.33536184210526315,0.00546875,0.4332247557003257,1.2918129056684553,0.0012353583253981995,"ctx_tipo_pista_Simples, ctx_tracado_via_Declive;Reta",desfecho_AltaGravidade,2,"Quando tipo de pista=Simples E tracado da via=Declive;Reta, entao alta gravidade. [Suporte: 0.5% | Confianca: 43.3% | Lift: 1.29]"
"frozenset({'ctx_tipo_pista_Simples', 'ctx_causa_acidente_Conversão_proibida'})",frozenset({'desfecho_AltaGravidade'}),0.014268092105263157,0.33536184210526315,0.006167763157894737,0.43227665706051877,1.288985814089237,0.0013827895061461221,"ctx_causa_acidente_Conversão_proibida, ctx_tipo_pista_Simples",desfecho_AltaGravidade,2,"Quando causa=Conversão proibida E tipo de pista=Simples, entao alta gravidade. [Suporte: 0.6% | Confianca: 43.2% | Lift: 1.29]"
"frozenset({'ctx_condicao_metereologica_Nublado', 'ctx_tracado_via_Reta', 'ctx_fase_dia_Plena_Noite'})",frozenset({'desfecho_AltaGravidade'}),0.025123355263157895,0.33536184210526315,0.010855263157894738,0.43207855973813425,1.2883951168258245,0.002429848456977147,"ctx_condicao_metereologica_Nublado, ctx_fase_dia_Plena_Noite, ctx_tracado_via_Reta",desfecho_AltaGravidade,3,"Quando clima=Nublado E fase do dia=Plena Noite E tracado da via=Reta, entao alta gravidade. [Suporte: 1.1% | Confianca: 43.2% | Lift: 1.29]"
"frozenset({'ctx_fase_dia_Amanhecer', 'ctx_tracado_via_Reta'})",frozenset({'desfecho_AltaGravidade'}),0.021628289473684212,0.33536184210526315,0.009333881578947368,0.4315589353612167,1.2868456728769972,0.002080578579466758,"ctx_fase_dia_Amanhecer, ctx_tracado_via_Reta",desfecho_AltaGravidade,2,"Quando fase do dia=Amanhecer E tracado da via=Reta, entao alta gravidade. [Suporte: 0.9% | Confianca: 43.2% | Lift: 1.29]"
"frozenset({'ctx_tipo_acidente_Colisão_transversal', 'ctx_fase_dia_Plena_Noite'})",frozenset({'desfecho_AltaGravidade'}),0.026973684210526316,0.33536184210526315,0.011595394736842105,0.4298780487804878,1.281833514754961,0.0025494503116343485,"ctx_fase_dia_Plena_Noite, ctx_tipo_acidente_Colisão_transversal",desfecho_AltaGravidade,2,"Quando fase do dia=Plena Noite E tipo de acidente=Colisão transversal, entao alta gravidade. [Suporte: 1.2% | Confianca: 43.0% | Lift: 1.28]"
"frozenset({'ctx_tipo_pista_Simples', 'ctx_fase_dia_Anoitecer', 'ctx_tracado_via_Reta'})",frozenset({'desfecho_AltaGravidade'}),0.012458881578947369,0.33536184210526315,0.005345394736842105,0.429042904290429,1.2793432359420345,0.0011671612599549862,"ctx_fase_dia_Anoitecer, ctx_tipo_pista_Simples, ctx_tracado_via_Reta",desfecho_AltaGravidade,3,"Quando fase do dia=Anoitecer E tipo de pista=Simples E tracado da via=Reta, entao alta gravidade. [Suporte: 0.5% | Confianca: 42.9% | Lift: 1.28]"
"frozenset({'ctx_tipo_pista_Simples', 'ctx_condicao_metereologica_Nublado', 'ctx_tracado_via_Reta'})",frozenset({'desfecho_AltaGravidade'}),0.03581414473684211,0.33536184210526315,0.01533717105263158,0.42824339839265213,1.2769592262027096,0.0033264735002596964,"ctx_condicao_metereologica_Nublado, ctx_tipo_pista_Simples, ctx_tracado_via_Reta",desfecho_AltaGravidade,3,"Quando clima=Nublado E tipo de pista=Simples E tracado da via=Reta, entao alta gravidade. [Suporte: 1.5% | Confianca: 42.8% | Lift: 1.28]"
frozenset({'ctx_causa_acidente_Conversão_proibida'}),frozenset({'desfecho_AltaGravidade'}),0.015172697368421053,0.33536184210526315,0.00649671052631579,0.4281842818428184,1.2767829492909937,0.0014083667871364267,ctx_causa_acidente_Conversão_proibida,desfecho_AltaGravidade,1,"Quando causa=Conversão proibida, entao alta gravidade. [Suporte: 0.6% | Confianca: 42.8% | Lift: 1.28]"
"frozenset({'ctx_tipo_pista_Simples', 'ctx_fim_de_semana_Sim', 'ctx_uso_solo_Não'})",frozenset({'desfecho_AltaGravidade'}),0.13564967105263157,0.33536184210526315,0.05801809210526316,0.4277053652622007,1.2753548900412852,0.012526368540079644,"ctx_fim_de_semana_Sim, ctx_tipo_pista_Simples, ctx_uso_solo_Não",desfecho_AltaGravidade,3,"Quando fim de semana=Sim E tipo de pista=Simples E entorno=rural, entao alta gravidade. [Suporte: 5.8% | Confianca: 42.8% | Lift: 1.28]"
"frozenset({'ctx_fim_de_semana_Sim', 'ctx_tracado_via_Reta', 'ctx_fase_dia_Plena_Noite'})",frozenset({'desfecho_AltaGravidade'}),0.05263157894736842,0.33536184210526315,0.022327302631578946,0.42421875,1.2649583128984796,0.004676679362880885,"ctx_fase_dia_Plena_Noite, ctx_fim_de_semana_Sim, ctx_tracado_via_Reta",desfecho_AltaGravidade,3,"Quando fase do dia=Plena Noite E fim de semana=Sim E tracado da via=Reta, entao alta gravidade. [Suporte: 2.2% | Confianca: 42.4% | Lift: 1.26]"
"frozenset({'ctx_tipo_pista_Simples', 'ctx_tracado_via_Reta;Declive'})",frozenset({'desfecho_AltaGravidade'}),0.0171875,0.33536184210526315,0.0072779605263157895,0.423444976076555,1.2626510321458826,0.0015139288651315787,"ctx_tipo_pista_Simples, ctx_tracado_via_Reta;Declive",desfecho_AltaGravidade,2,"Quando tipo de pista=Simples E tracado da via=Reta;Declive, entao alta gravidade. [Suporte: 0.7% | Confianca: 42.3% | Lift: 1.26]"
"frozenset({'ctx_tipo_pista_Simples', 'ctx_condicao_metereologica_Nublado', 'ctx_fim_de_semana_Sim'})",frozenset({'desfecho_AltaGravidade'}),0.029728618421052632,0.33536184210526315,0.012582236842105262,0.4232365145228215,1.2620294302593207,0.0026123926051765927,"ctx_condicao_metereologica_Nublado, ctx_fim_de_semana_Sim, ctx_tipo_pista_Simples",desfecho_AltaGravidade,3,"Quando clima=Nublado E fim de semana=Sim E tipo de pista=Simples, entao alta gravidade. [Suporte: 1.3% | Confianca: 42.3% | Lift: 1.26]"
"frozenset({'ctx_fim_de_semana_Sim', 'ctx_condicao_metereologica_Nublado', 'ctx_fase_dia_Plena_Noite'})",frozenset({'desfecho_AltaGravidade'}),0.02138157894736842,0.33536184210526315,0.009046052631578948,0.4230769230769231,1.2615535518919532,0.0018754869286703602,"ctx_condicao_metereologica_Nublado, ctx_fase_dia_Plena_Noite, ctx_fim_de_semana_Sim",desfecho_AltaGravidade,3,"Quando clima=Nublado E fase do dia=Plena Noite E fim de semana=Sim, entao alta gravidade. [Suporte: 0.9% | Confianca: 42.3% | Lift: 1.26]"
"frozenset({'ctx_tipo_pista_Simples', 'ctx_tracado_via_Declive;Curva'})",frozenset({'desfecho_AltaGravidade'}),0.01537828947368421,0.33536184210526315,0.00649671052631579,0.42245989304812837,1.2597136585250714,0.0013394190399930754,"ctx_tipo_pista_Simples, ctx_tracado_via_Declive;Curva",desfecho_AltaGravidade,2,"Quando tipo de pista=Simples E tracado da via=Declive;Curva, entao alta gravidade. [Suporte: 0.6% | Confianca: 42.2% | Lift: 1.26]"
"frozenset({'ctx_tipo_pista_Simples', 'ctx_condicao_metereologica_Céu_Claro', 'ctx_fim_de_semana_Sim'})",frozenset({'desfecho_AltaGravidade'}),0.10612664473684211,0.33536184210526315,0.04481907894736842,0.42231693142192944,1.2592873678495984,0.009228251871970218,"ctx_condicao_metereologica_Céu_Claro, ctx_fim_de_semana_Sim, ctx_tipo_pista_Simples",desfecho_AltaGravidade,3,"Quando clima=Céu Claro E fim de semana=Sim E tipo de pista=Simples, entao alta gravidade. [Suporte: 4.5% | Confianca: 42.2% | Lift: 1.26]"
"frozenset({'ctx_tipo_pista_Simples', 'ctx_fim_de_semana_Sim'})",frozenset({'desfecho_AltaGravidade'}),0.17179276315789474,0.33536184210526315,0.07249177631578947,0.42197223551938723,1.258259535045549,0.014879038802804709,"ctx_fim_de_semana_Sim, ctx_tipo_pista_Simples",desfecho_AltaGravidade,2,"Quando fim de semana=Sim E tipo de pista=Simples, entao alta gravidade. [Suporte: 7.2% | Confianca: 42.2% | Lift: 1.26]"
"frozenset({'ctx_tipo_pista_Simples', 'ctx_tracado_via_Reta', 'ctx_uso_solo_Não'})",frozenset({'desfecho_AltaGravidade'}),0.15452302631578949,0.33536184210526315,0.06517269736842106,0.4217668972857903,1.257647246443161,0.013351570615477842,"ctx_tipo_pista_Simples, ctx_tracado_via_Reta, ctx_uso_solo_Não",desfecho_AltaGravidade,3,"Quando tipo de pista=Simples E tracado da via=Reta E entorno=rural, entao alta gravidade. [Suporte: 6.5% | Confianca: 42.2% | Lift: 1.26]"
"frozenset({'ctx_uso_solo_Não', 'ctx_tracado_via_Reta', 'ctx_fase_dia_Plena_Noite'})",frozenset({'desfecho_AltaGravidade'}),0.09169407894736842,0.33536184210526315,0.03856907894736842,0.420627802690583,1.2542506328390115,0.007818383721433519,"ctx_fase_dia_Plena_Noite, ctx_tracado_via_Reta, ctx_uso_solo_Não",desfecho_AltaGravidade,3,"Quando fase do dia=Plena Noite E tracado da via=Reta E entorno=rural, entao alta gravidade. [Suporte: 3.9% | Confianca: 42.1% | Lift: 1.25]"
"frozenset({'ctx_condicao_metereologica_Céu_Claro', 'ctx_tracado_via_Reta', 'ctx_fase_dia_Plena_Noite'})",frozenset({'desfecho_AltaGravidade'}),0.09251644736842106,0.33536184210526315,0.038774671052631576,0.41911111111111105,1.2497280802136121,0.0077481848381232635,"ctx_condicao_metereologica_Céu_Claro, ctx_fase_dia_Plena_Noite, ctx_tracado_via_Reta",desfecho_AltaGravidade,3,"Quando clima=Céu Claro E fase do dia=Plena Noite E tracado da via=Reta, entao alta gravidade. [Suporte: 3.9% | Confianca: 41.9% | Lift: 1.25]"
"frozenset({'ctx_fim_de_semana_Sim', 'ctx_condicao_metereologica_Céu_Claro', 'ctx_fase_dia_Plena_Noite'})",frozenset({'desfecho_AltaGravidade'}),0.07401315789473684,0.33536184210526315,0.03100328947368421,0.4188888888888889,1.24906544602474,0.006182100502077563,"ctx_condicao_metereologica_Céu_Claro, ctx_fase_dia_Plena_Noite, ctx_fim_de_semana_Sim",desfecho_AltaGravidade,3,"Quando clima=Céu Claro E fase do dia=Plena Noite E fim de semana=Sim, entao alta gravidade. [Suporte: 3.1% | Confianca: 41.9% | Lift: 1.25]"
"frozenset({'ctx_tipo_pista_Simples', 'ctx_fase_dia_Anoitecer'})",frozenset({'desfecho_AltaGravidade'}),0.028536184210526314,0.33536184210526315,0.011883223684210527,0.41642651296829974,1.241723000905965,0.0023132763807132972,"ctx_fase_dia_Anoitecer, ctx_tipo_pista_Simples",desfecho_AltaGravidade,2,"Quando fase do dia=Anoitecer E tipo de pista=Simples, entao alta gravidade. [Suporte: 1.2% | Confianca: 41.6% | Lift: 1.24]"
"frozenset({'ctx_tipo_pista_Simples', 'ctx_causa_acidente_Acessar_a_via_sem_observar_a_presença_dos_outros_veículos', 'ctx_uso_solo_Não'})",frozenset({'desfecho_AltaGravidade'}),0.02919407894736842,0.33536184210526315,0.012129934210526315,0.4154929577464789,1.2389392756736595,0.00233935411617036,"ctx_causa_acidente_Acessar_a_via_sem_observar_a_presença_dos_outros_veículos, ctx_tipo_pista_Simples, ctx_uso_solo_Não",desfecho_AltaGravidade,3,"Quando causa=Acessar a via sem observar a presença dos outros veículos E tipo de pista=Simples E entorno=rural, entao alta gravidade. [Suporte: 1.2% | Confianca: 41.5% | Lift: 1.24]"
"frozenset({'ctx_fim_de_semana_Sim', 'ctx_fase_dia_Plena_Noite', 'ctx_uso_solo_Não'})",frozenset({'desfecho_AltaGravidade'}),0.0822779605263158,0.33536184210526315,0.03416940789473684,0.4152923538230884,1.238341104092387,0.006576519487967447,"ctx_fase_dia_Plena_Noite, ctx_fim_de_semana_Sim, ctx_uso_solo_Não",desfecho_AltaGravidade,3,"Quando fase do dia=Plena Noite E fim de semana=Sim E entorno=rural, entao alta gravidade. [Suporte: 3.4% | Confianca: 41.5% | Lift: 1.24]"
"frozenset({'ctx_tipo_pista_Simples', 'ctx_condicao_metereologica_Sol', 'ctx_uso_solo_Não'})",frozenset({'desfecho_AltaGravidade'}),0.02475328947368421,0.33536184210526315,0.010279605263157895,0.4152823920265781,1.2383113994711108,0.001978296507098338,"ctx_condicao_metereologica_Sol, ctx_tipo_pista_Simples, ctx_uso_solo_Não",desfecho_AltaGravidade,3,"Quando clima=Sol E tipo de pista=Simples E entorno=rural, entao alta gravidade. [Suporte: 1.0% | Confianca: 41.5% | Lift: 1.24]"
"frozenset({'ctx_fim_de_semana_Não', 'ctx_tracado_via_Reta', 'ctx_tipo_acidente_Colisão_transversal'})",frozenset({'desfecho_AltaGravidade'}),0.028330592105263157,0.33536184210526315,0.011759868421052632,0.41509433962264153,1.2377506546864445,0.0022588688646987543,"ctx_fim_de_semana_Não, ctx_tipo_acidente_Colisão_transversal, ctx_tracado_via_Reta",desfecho_AltaGravidade,3,"Quando fim de semana=Não E tipo de acidente=Colisão transversal E tracado da via=Reta, entao alta gravidade. [Suporte: 1.2% | Confianca: 41.5% | Lift: 1.24]"
"frozenset({'ctx_uso_solo_Não', 'ctx_condicao_metereologica_Nublado', 'ctx_fase_dia_Plena_Noite'})",frozenset({'desfecho_AltaGravidade'}),0.04235197368421053,0.33536184210526315,0.017557565789473685,0.41456310679611647,1.2361665960374635,0.0033543298779432126,"ctx_condicao_metereologica_Nublado, ctx_fase_dia_Plena_Noite, ctx_uso_solo_Não",desfecho_AltaGravidade,3,"Quando clima=Nublado E fase do dia=Plena Noite E entorno=rural, entao alta gravidade. [Suporte: 1.8% | Confianca: 41.5% | Lift: 1.24]"
"frozenset({'ctx_tracado_via_Reta', 'ctx_fase_dia_Plena_Noite'})",frozenset({'desfecho_AltaGravidade'}),0.13955592105263157,0.33536184210526315,0.0578125,0.41426045963464947,1.2352641464338738,0.011010769239092805,"ctx_fase_dia_Plena_Noite, ctx_tracado_via_Reta",desfecho_AltaGravidade,2,"Quando fase do dia=Plena Noite E tracado da via=Reta, entao alta gravidade. [Suporte: 5.8% | Confianca: 41.4% | Lift: 1.24]"
"frozenset({'ctx_uso_solo_Não', 'ctx_condicao_metereologica_Céu_Claro', 'ctx_fase_dia_Plena_Noite'})",frozenset({'desfecho_AltaGravidade'}),0.13322368421052633,0.33536184210526315,0.05513980263157895,0.41388888888888886,1.2341561767751075,0.010461662482686977,"ctx_condicao_metereologica_Céu_Claro, ctx_fase_dia_Plena_Noite, ctx_uso_solo_Não",desfecho_AltaGravidade,3,"Quando clima=Céu Claro E fase do dia=Plena Noite E entorno=rural, entao alta gravidade. [Suporte: 5.5% | Confianca: 41.4% | Lift: 1.23]"
"frozenset({'ctx_tipo_pista_Simples', 'ctx_tracado_via_Reta', 'ctx_tipo_acidente_Colisão_transversal'})",frozenset({'desfecho_AltaGravidade'}),0.034827302631578946,0.33536184210526315,0.014391447368421052,0.4132231404958678,1.2321710123662952,0.0027116990023372586,"ctx_tipo_acidente_Colisão_transversal, ctx_tipo_pista_Simples, ctx_tracado_via_Reta",desfecho_AltaGravidade,3,"Quando tipo de acidente=Colisão transversal E tipo de pista=Simples E tracado da via=Reta, entao alta gravidade. [Suporte: 1.4% | Confianca: 41.3% | Lift: 1.23]"
"frozenset({'ctx_tracado_via_Reta;Declive', 'ctx_fase_dia_Plena_Noite'})",frozenset({'desfecho_AltaGravidade'}),0.013980263157894737,0.33536184210526315,0.005756578947368421,0.4117647058823529,1.2278221734991202,0.0010681321416204986,"ctx_fase_dia_Plena_Noite, ctx_tracado_via_Reta;Declive",desfecho_AltaGravidade,2,"Quando fase do dia=Plena Noite E tracado da via=Reta;Declive, entao alta gravidade. [Suporte: 0.6% | Confianca: 41.2% | Lift: 1.23]"
"frozenset({'ctx_fim_de_semana_Sim', 'ctx_fase_dia_Plena_Noite'})",frozenset({'desfecho_AltaGravidade'}),0.11541940789473684,0.33536184210526315,0.04745065789473684,0.4111150694691842,1.2258850526594605,0.008743392648459143,"ctx_fase_dia_Plena_Noite, ctx_fim_de_semana_Sim",desfecho_AltaGravidade,2,"Quando fase do dia=Plena Noite E fim de semana=Sim, entao alta gravidade. [Suporte: 4.7% | Confianca: 41.1% | Lift: 1.23]"
"frozenset({'ctx_condicao_metereologica_Céu_Claro', 'ctx_fase_dia_Plena_Noite'})",frozenset({'desfecho_AltaGravidade'}),0.19773848684210527,0.33536184210526315,0.08129111842105263,0.4111041796631316,1.2258525808493577,0.014977175218576874,"ctx_condicao_metereologica_Céu_Claro, ctx_fase_dia_Plena_Noite",desfecho_AltaGravidade,2,"Quando clima=Céu Claro E fase do dia=Plena Noite, entao alta gravidade. [Suporte: 8.1% | Confianca: 41.1% | Lift: 1.23]"
"frozenset({'ctx_tipo_pista_Simples', 'ctx_condicao_metereologica_Céu_Claro', 'ctx_uso_solo_Não'})",frozenset({'desfecho_AltaGravidade'}),0.22935855263157895,0.33536184210526315,0.09420230263157894,0.41072068841878806,1.2247090660059987,0.017284195918455675,"ctx_condicao_metereologica_Céu_Claro, ctx_tipo_pista_Simples, ctx_uso_solo_Não",desfecho_AltaGravidade,3,"Quando clima=Céu Claro E tipo de pista=Simples E entorno=rural, entao alta gravidade. [Suporte: 9.4% | Confianca: 41.1% | Lift: 1.22]"
"frozenset({'ctx_condicao_metereologica_Céu_Claro', 'ctx_causa_acidente_Acessar_a_via_sem_observar_a_presença_dos_outros_veículos', 'ctx_uso_solo_Não'})",frozenset({'desfecho_AltaGravidade'}),0.02738486842105263,0.33536184210526315,0.011225328947368421,0.40990990990990994,1.2222914429878629,0.0020414890278739623,"ctx_causa_acidente_Acessar_a_via_sem_observar_a_presença_dos_outros_veículos, ctx_condicao_metereologica_Céu_Claro, ctx_uso_solo_Não",desfecho_AltaGravidade,3,"Quando causa=Acessar a via sem observar a presença dos outros veículos E clima=Céu Claro E entorno=rural, entao alta gravidade. [Suporte: 1.1% | Confianca: 41.0% | Lift: 1.22]"
"frozenset({'ctx_condicao_metereologica_Nublado', 'ctx_fase_dia_Plena_Noite'})",frozenset({'desfecho_AltaGravidade'}),0.05748355263157895,0.33536184210526315,0.023560855263157893,0.4098712446351931,1.22217614878959,0.00428306516187673,"ctx_condicao_metereologica_Nublado, ctx_fase_dia_Plena_Noite",desfecho_AltaGravidade,2,"Quando clima=Nublado E fase do dia=Plena Noite, entao alta gravidade. [Suporte: 2.4% | Confianca: 41.0% | Lift: 1.22]"
"frozenset({'ctx_fase_dia_Plena_Noite', 'ctx_tipo_acidente_Colisão_traseira', 'ctx_uso_solo_Não'})",frozenset({'desfecho_AltaGravidade'}),0.03186677631578947,0.33536184210526315,0.01299342105263158,0.407741935483871,1.2158268600990367,0.002306520245412051,"ctx_fase_dia_Plena_Noite, ctx_tipo_acidente_Colisão_traseira, ctx_uso_solo_Não",desfecho_AltaGravidade,3,"Quando fase do dia=Plena Noite E tipo de acidente=Colisão traseira E entorno=rural, entao alta gravidade. [Suporte: 1.3% | Confianca: 40.8% | Lift: 1.22]"
"frozenset({'ctx_tipo_pista_Simples', 'ctx_tracado_via_Reta'})",frozenset({'desfecho_AltaGravidade'}),0.21352796052631579,0.33536184210526315,0.08704769736842105,0.4076641632967456,1.2155949548034395,0.015438567185335872,"ctx_tipo_pista_Simples, ctx_tracado_via_Reta",desfecho_AltaGravidade,2,"Quando tipo de pista=Simples E tracado da via=Reta, entao alta gravidade. [Suporte: 8.7% | Confianca: 40.8% | Lift: 1.22]"
"frozenset({'ctx_fase_dia_Amanhecer', 'ctx_fim_de_semana_Sim'})",frozenset({'desfecho_AltaGravidade'}),0.0171875,0.33536184210526315,0.0069901315789473685,0.4066985645933014,1.2127156805920905,0.0012260999177631576,"ctx_fase_dia_Amanhecer, ctx_fim_de_semana_Sim",desfecho_AltaGravidade,2,"Quando fase do dia=Amanhecer E fim de semana=Sim, entao alta gravidade. [Suporte: 0.7% | Confianca: 40.7% | Lift: 1.21]"
"frozenset({'ctx_tipo_pista_Simples', 'ctx_uso_solo_Não'})",frozenset({'desfecho_AltaGravidade'}),0.38745888157894737,0.33536184210526315,0.15752467105263157,0.40655842088506844,1.212297792536153,0.027585746786270765,"ctx_tipo_pista_Simples, ctx_uso_solo_Não",desfecho_AltaGravidade,2,"Quando tipo de pista=Simples E entorno=rural, entao alta gravidade. [Suporte: 15.8% | Confianca: 40.7% | Lift: 1.21]"
"frozenset({'ctx_tracado_via_Reta', 'ctx_causa_acidente_Acessar_a_via_sem_observar_a_presença_dos_outros_veículos', 'ctx_uso_solo_Não'})",frozenset({'desfecho_AltaGravidade'}),0.016036184210526317,0.33536184210526315,0.00649671052631579,0.40512820512820513,1.208033098175325,0.0011187862491343487,"ctx_causa_acidente_Acessar_a_via_sem_observar_a_presença_dos_outros_veículos, ctx_tracado_via_Reta, ctx_uso_solo_Não",desfecho_AltaGravidade,3,"Quando causa=Acessar a via sem observar a presença dos outros veículos E tracado da via=Reta E entorno=rural, entao alta gravidade. [Suporte: 0.6% | Confianca: 40.5% | Lift: 1.21]"
"frozenset({'ctx_causa_acidente_Acessar_a_via_sem_observar_a_presença_dos_outros_veículos', 'ctx_uso_solo_Não'})",frozenset({'desfecho_AltaGravidade'}),0.03791118421052632,0.33536184210526315,0.015296052631578948,0.403470715835141,1.2030907073455896,0.0025820880583448756,"ctx_causa_acidente_Acessar_a_via_sem_observar_a_presença_dos_outros_veículos, ctx_uso_solo_Não",desfecho_AltaGravidade,2,"Quando causa=Acessar a via sem observar a presença dos outros veículos E entorno=rural, entao alta gravidade. [Suporte: 1.5% | Confianca: 40.3% | Lift: 1.20]"
"frozenset({'ctx_tracado_via_Reta', 'ctx_tipo_acidente_Colisão_transversal'})",frozenset({'desfecho_AltaGravidade'}),0.040460526315789475,0.33536184210526315,0.016324013157894737,0.4034552845528455,1.2030446935170676,0.0027550965200831036,"ctx_tipo_acidente_Colisão_transversal, ctx_tracado_via_Reta",desfecho_AltaGravidade,2,"Quando tipo de acidente=Colisão transversal E tracado da via=Reta, entao alta gravidade. [Suporte: 1.6% | Confianca: 40.3% | Lift: 1.20]"
"frozenset({'ctx_causa_acidente_Acessar_a_via_sem_observar_a_presença_dos_outros_veículos', 'ctx_fim_de_semana_Sim'})",frozenset({'desfecho_AltaGravidade'}),0.02006578947368421,0.33536184210526315,0.00805921052631579,0.40163934426229514,1.1976298249704533,0.0013299104051246544,"ctx_causa_acidente_Acessar_a_via_sem_observar_a_presença_dos_outros_veículos, ctx_fim_de_semana_Sim",desfecho_AltaGravidade,2,"Quando causa=Acessar a via sem observar a presença dos outros veículos E fim de semana=Sim, entao alta gravidade. [Suporte: 0.8% | Confianca: 40.2% | Lift: 1.20]"
"frozenset({'ctx_uso_solo_Não', 'ctx_fase_dia_Plena_Noite'})",frozenset({'desfecho_AltaGravidade'}),0.2165296052631579,0.33536184210526315,0.08671875,0.40049373338397265,1.1942137807624098,0.014102982708621883,"ctx_fase_dia_Plena_Noite, ctx_uso_solo_Não",desfecho_AltaGravidade,2,"Quando fase do dia=Plena Noite E entorno=rural, entao alta gravidade. [Suporte: 8.7% | Confianca: 40.0% | Lift: 1.19]"
